"id","image_url"
14976,https://cdn.shopify.com/s/files/1/0785/1674/8585/files/4th_DEC_2024_Virgio-0369_2_512x.jpg?v=1738911926
14976,https://cdn.shopify.com/s/files/1/0785/1674/8585/files/4th_DEC_2024_Virgio-0369_2_1600x.jpg?v=1738911926
14976,https://cdn.shopify.com/s/files/1/0785/1674/8585/files/4th_DEC_2024_Virgio-0376_1_1600x.jpg?v=1738911926
14976,https://cdn.shopify.com/s/files/1/0785/1674/8585/files/4th_DEC_2024_Virgio-0381_1_1600x.jpg?v=1737628346
14976,https://cdn.shopify.com/s/files/1/0785/1674/8585/files/4th_DEC_2024_Virgio-0379_1_1600x.jpg?v=1737628346
14976,https://cdn.shopify.com/s/files/1/0785/1674/8585/files/4th_DEC_2024_Virgio-0395_1600x.jpg?v=1737628346
14976,https://cdn.shopify.com/s/files/1/0785/1674/8585/files/4th_DEC_2024_Virgio-0377_1_1600x.jpg?v=1737628346
14976,https://cdn.shopify.com/s/files/1/0785/1674/8585/files/4th_DEC_2024_Virgio-0384_1_1600x.jpg?v=1737628346
14976,https://cdn.shopify.com/s/files/1/0785/1674/8585/files/4th_DEC_2024_Virgio-0376_1.jpg?v=1738911926&quality=60&width=512
14977,https://cdn.shopify.com/s/files/1/0785/1674/8585/files/WEB4_111ad1b5-c2e7-4b36-ac41-1ce468423186_512x.jpg?v=1739277317
14977,https://cdn.shopify.com/s/files/1/0785/1674/8585/files/WEB4_111ad1b5-c2e7-4b36-ac41-1ce468423186_1600x.jpg?v=1739277317
14977,https://cdn.shopify.com/s/files/1/0785/1674/8585/files/WEB1_d352daa2-6abf-4887-8bef-3c6fa9725700_1600x.jpg?v=1739277317
14977,https://cdn.shopify.com/s/files/1/0785/1674/8585/files/WBE6_bd2a5273-8356-4533-b620-11a4c20cfd01_1600x.jpg?v=1739277317
14977,https://cdn.shopify.com/s/files/1/0785/1674/8585/files/WEB2_21fdf098-41be-4917-81b0-fc32f1039986_1600x.jpg?v=1739277317
14977,https://cdn.shopify.com/s/files/1/0785/1674/8585/files/WEB3_237f9a4c-640f-4e62-8b0c-bfeddd70fe04_1600x.jpg?v=1739277317
14977,https://cdn.shopify.com/s/files/1/0785/1674/8585/files/WEB5_cd5f2937-4678-4bbc-88e7-fcc214b7d291_1600x.jpg?v=1739268311
14977,https://cdn.shopify.com/s/files/1/0785/1674/8585/files/WEB6_f04574f3-c07a-4890-a0f1-b9b94ba8b84c_1600x.jpg?v=1739268311
14977,https://cdn.shopify.com/s/files/1/0785/1674/8585/files/WEB7_d62c5ab2-8b3a-4bd2-97a9-7eddffabaae6_1600x.jpg?v=1739268311
14977,https://cdn.shopify.com/s/files/1/0785/1674/8585/files/WEB1_d352daa2-6abf-4887-8bef-3c6fa9725700.jpg?v=1739277317&quality=60&width=512
14978,https://cdn.shopify.com/s/files/1/0785/1674/8585/files/WEB8_fcda8e23-c2a4-4c5d-8c31-1faf75d8d5a0_1600x.jpg?v=1739270355
14978,https://cdn.shopify.com/s/files/1/0785/1674/8585/files/WEB8_fcda8e23-c2a4-4c5d-8c31-1faf75d8d5a0_1600x.jpg?v=1739270355
14978,https://cdn.shopify.com/s/files/1/0785/1674/8585/files/WEB7_16f8a6db-8a82-40a5-a704-2c59c43826a3_1600x.jpg?v=1739270355
14978,https://cdn.shopify.com/s/files/1/0785/1674/8585/files/WEB4_4c269a21-3fd9-4cbb-adba-40e2e566c981_1600x.jpg?v=1739270355
14978,https://cdn.shopify.com/s/files/1/0785/1674/8585/files/WEB5_d63db84e-5a30-4b2c-8b5e-97a00c5a244f_1600x.jpg?v=1739270355
14978,https://cdn.shopify.com/s/files/1/0785/1674/8585/files/WEB1_e85dddef-b1fc-41c1-b934-0652ecec9d73_1600x.jpg?v=1739270355
14978,https://cdn.shopify.com/s/files/1/0785/1674/8585/files/WEB2_143c2f06-6766-4afd-b238-45dc94c55408_1600x.jpg?v=1739270355
14978,https://cdn.shopify.com/s/files/1/0785/1674/8585/files/WEB3_3983fd3a-400f-4a45-a16a-7979af5cd675_1600x.jpg?v=1739270355
14978,https://cdn.shopify.com/s/files/1/0785/1674/8585/files/WEB7_16f8a6db-8a82-40a5-a704-2c59c43826a3.jpg?v=1739270355&quality=60&width=512
14980,https://cdn.shopify.com/s/files/1/0785/1674/8585/files/WEB2_f7472dc7-88a4-447c-afa9-1c38fc2a7eda_1600x.jpg?v=1739271372
14980,https://cdn.shopify.com/s/files/1/0785/1674/8585/files/WEB2_f7472dc7-88a4-447c-afa9-1c38fc2a7eda_1600x.jpg?v=1739271372
14980,https://cdn.shopify.com/s/files/1/0785/1674/8585/files/WEB1_a73d9598-f99c-4d56-b35b-e833f73c1a7f_1600x.jpg?v=1739271372
14980,https://cdn.shopify.com/s/files/1/0785/1674/8585/files/WEB5_b002fb68-b0ea-413d-b01a-64ab48b1464b_1600x.jpg?v=1739271372
14980,https://cdn.shopify.com/s/files/1/0785/1674/8585/files/WEB8_d2f23ab9-1584-4554-adc0-1621049cb07b_1600x.jpg?v=1739271372
14980,https://cdn.shopify.com/s/files/1/0785/1674/8585/files/WEB3_15f9e493-ae03-413f-b0e5-25cb7f9256e5_1600x.jpg?v=1739271372
14980,https://cdn.shopify.com/s/files/1/0785/1674/8585/files/WEB9_ded16a24-a116-4d5c-8861-3c1168063858_1600x.jpg?v=1739271372
14980,https://cdn.shopify.com/s/files/1/0785/1674/8585/files/WEB6_9f0fe011-af10-4266-8d55-954ce7dd00ef_1600x.jpg?v=1739271372
14980,https://cdn.shopify.com/s/files/1/0785/1674/8585/files/WEB9_ded16a24-a116-4d5c-8861-3c1168063858.jpg?v=1739271372&quality=60&width=512
14981,https://cdn.shopify.com/s/files/1/0785/1674/8585/files/web3_4c3551ed-70e4-4961-85e4-38b010323ffd_512x.jpg?v=1739269261
14981,https://cdn.shopify.com/s/files/1/0785/1674/8585/files/web3_4c3551ed-70e4-4961-85e4-38b010323ffd_1600x.jpg?v=1739269261
14981,https://cdn.shopify.com/s/files/1/0785/1674/8585/files/web4_65029582-4a35-4b2e-a29c-908493e0857c_1600x.jpg?v=1739269261
14981,https://cdn.shopify.com/s/files/1/0785/1674/8585/files/web2_25c71946-9de6-4be1-b71a-c504bf6ddc1a_1600x.jpg?v=1739269261
14981,https://cdn.shopify.com/s/files/1/0785/1674/8585/files/web1_4bd2d262-83b7-47b9-9298-407492ec4b2f_1600x.jpg?v=1739269261
14981,https://cdn.shopify.com/s/files/1/0785/1674/8585/files/web3_4c3551ed-70e4-4961-85e4-38b010323ffd.jpg?v=1739269261&quality=60&width=512
14982,https://cdn.shopify.com/s/files/1/0785/1674/8585/files/1_VWWSO2447404002_6e37c57f-35ef-4492-9e76-5c68d25af648_512x.jpg?v=1745851428
14982,https://cdn.shopify.com/s/files/1/0785/1674/8585/files/2_VWWSO2447404002_071cbd04-6231-479a-8fa3-8d78690fe59a_1600x.jpg?v=1745851428
14982,https://cdn.shopify.com/s/files/1/0785/1674/8585/files/3_VWWSO2447404002_04890702-3fd2-4bff-9a4d-0fc08415a09f_1600x.jpg?v=1745851428
14982,https://cdn.shopify.com/s/files/1/0785/1674/8585/files/4_VWWSO2447404002_36d3c958-6254-45e2-837d-9af049f5c0c4_1600x.jpg?v=1745851428
14982,https://cdn.shopify.com/s/files/1/0785/1674/8585/files/5_VWWSO2447404002_31c6c213-fe79-4d7b-9ae8-faba45978573_1600x.jpg?v=1745851428
14982,https://cdn.shopify.com/s/files/1/0785/1674/8585/files/1_VWWSO2447404002_6e37c57f-35ef-4492-9e76-5c68d25af648_1600x.jpg?v=1745851428
14984,https://cdn.shopify.com/s/files/1/0785/1674/8585/files/1_VWWSS2447404002_f048c4db-f9e2-419d-ad99-020cb5a92a10_512x.jpg?v=1745851427
14984,https://cdn.shopify.com/s/files/1/0785/1674/8585/files/2_VWWSS2447404002_cae05041-6d5a-4fba-883c-d13d5789886b_1600x.jpg?v=1745851427
14984,https://cdn.shopify.com/s/files/1/0785/1674/8585/files/4_VWWSS2447404002_0f20c628-a9c7-414d-8b53-cae6be40c455_1600x.jpg?v=1745851427
14984,https://cdn.shopify.com/s/files/1/0785/1674/8585/files/1_VWWSS2447404002_f048c4db-f9e2-419d-ad99-020cb5a92a10_1600x.jpg?v=1745851427
14985,https://cdn.shopify.com/s/files/1/0785/1674/8585/files/4th_DEC_2024_Virgio-0064_3_3d36854f-b9ee-4665-aae0-6cc8805b77a2_512x.jpg?v=1748851200
14985,https://cdn.shopify.com/s/files/1/0785/1674/8585/files/4th_DEC_2024_Virgio-0500_1600x.jpg?v=1737629853
14985,https://cdn.shopify.com/s/files/1/0785/1674/8585/files/4th_DEC_2024_Virgio-0453_1600x.jpg?v=1737639058
14985,https://cdn.shopify.com/s/files/1/0785/1674/8585/files/4th_DEC_2024_Virgio-0482_1600x.jpg?v=1737639058
14985,https://cdn.shopify.com/s/files/1/0785/1674/8585/files/4th_DEC_2024_Virgio-0485_1600x.jpg?v=1737639058
14985,https://cdn.shopify.com/s/files/1/0785/1674/8585/files/4th_DEC_2024_Virgio-0472_1600x.jpg?v=1737639058
14985,https://cdn.shopify.com/s/files/1/0785/1674/8585/files/4th_DEC_2024_Virgio-0491_1600x.jpg?v=1737639058
14985,https://cdn.shopify.com/s/files/1/0785/1674/8585/files/4th_DEC_2024_Virgio-0500.jpg?v=1737629853&quality=60&width=512
14985,https://cdn.shopify.com/s/files/1/0785/1674/8585/files/4th_DEC_2024_Virgio-0064_3_3d36854f-b9ee-4665-aae0-6cc8805b77a2_1600x.jpg?v=1748851200
14985,https://cdn.shopify.com/s/files/1/0785/1674/8585/files/4th_DEC_2024_Virgio-0059_3_ef95cc12-87fa-4b6b-ab24-9905fb794010_1600x.jpg?v=1748851200
14985,https://cdn.shopify.com/s/files/1/0785/1674/8585/files/4th_DEC_2024_Virgio-0052_4_daecef9a-e498-4a50-a947-287f8ec46299_1600x.jpg?v=1748851200
14985,https://cdn.shopify.com/s/files/1/0785/1674/8585/files/4th_DEC_2024_Virgio-0054_4_13a6e027-42c3-4702-a1ad-37c25fc69f12_1600x.jpg?v=1748851200
14985,https://cdn.shopify.com/s/files/1/0785/1674/8585/files/4th_DEC_2024_Virgio-0047_4_9cd5f3ca-2cfe-4f48-b745-26dc7260a64d_1600x.jpg?v=1748851198
14987,https://cdn.shopify.com/s/files/1/0785/1674/8585/files/4th_DEC_2024_Virgio-0004_6_512x.jpg?v=1737629516
14987,https://cdn.shopify.com/s/files/1/0785/1674/8585/files/4th_DEC_2024_Virgio-0004_6_1600x.jpg?v=1737629516
14987,https://cdn.shopify.com/s/files/1/0785/1674/8585/files/4th_DEC_2024_Virgio-0008_6_1600x.jpg?v=1737629732
14987,https://cdn.shopify.com/s/files/1/0785/1674/8585/files/4th_DEC_2024_Virgio-0011_6_1600x.jpg?v=1737629732
14987,https://cdn.shopify.com/s/files/1/0785/1674/8585/files/4th_DEC_2024_Virgio-0032_4_1600x.jpg?v=1737629516
14987,https://cdn.shopify.com/s/files/1/0785/1674/8585/files/4th_DEC_2024_Virgio-0004_6.jpg?v=1737629516&quality=60&width=512
14988,https://cdn.shopify.com/s/files/1/0785/1674/8585/files/4th_DEC_2024_Virgio-0363_2_512x.jpg?v=1737628748
14988,https://cdn.shopify.com/s/files/1/0785/1674/8585/files/4th_DEC_2024_Virgio-0363_2_1600x.jpg?v=1737628748
14988,https://cdn.shopify.com/s/files/1/0785/1674/8585/files/4th_DEC_2024_Virgio-0342_2_1600x.jpg?v=1737628748
14988,https://cdn.shopify.com/s/files/1/0785/1674/8585/files/4th_DEC_2024_Virgio-0350_2_1600x.jpg?v=1737628748
14988,https://cdn.shopify.com/s/files/1/0785/1674/8585/files/4th_DEC_2024_Virgio-0354_2_1600x.jpg?v=1737628748
14988,https://cdn.shopify.com/s/files/1/0785/1674/8585/files/4th_DEC_2024_Virgio-0353_2_1600x.jpg?v=1737628748
14988,https://cdn.shopify.com/s/files/1/0785/1674/8585/files/4th_DEC_2024_Virgio-0366_2_1600x.jpg?v=1737628748
14988,https://cdn.shopify.com/s/files/1/0785/1674/8585/files/4th_DEC_2024_Virgio-0357_2_1600x.jpg?v=1737628748
14988,https://cdn.shopify.com/s/files/1/0785/1674/8585/files/4th_DEC_2024_Virgio-0363_2.jpg?v=1737628748&quality=60&width=512
14989,https://cdn.shopify.com/s/files/1/0785/1674/8585/files/4th_DEC_2024_Virgio-0112_2_512x.jpg?v=1737629152
14989,https://cdn.shopify.com/s/files/1/0785/1674/8585/files/4th_DEC_2024_Virgio-0112_2_1600x.jpg?v=1737629152
14989,https://cdn.shopify.com/s/files/1/0785/1674/8585/files/4th_DEC_2024_Virgio-0090_2_1600x.jpg?v=1737639103
14989,https://cdn.shopify.com/s/files/1/0785/1674/8585/files/4th_DEC_2024_Virgio-0108_2_1600x.jpg?v=1737639103
14989,https://cdn.shopify.com/s/files/1/0785/1674/8585/files/4th_DEC_2024_Virgio-0104_2_1600x.jpg?v=1737639103
14989,https://cdn.shopify.com/s/files/1/0785/1674/8585/files/4th_DEC_2024_Virgio-0112_2.jpg?v=1737629152&quality=60&width=512
14991,https://cdn.shopify.com/s/files/1/0785/1674/8585/files/WEB4_f698307f-c388-4171-ae01-68e9d2346c6f_1600x.jpg?v=1738833563
14991,https://cdn.shopify.com/s/files/1/0785/1674/8585/files/WEB4_f698307f-c388-4171-ae01-68e9d2346c6f_1600x.jpg?v=1738833563
14991,https://cdn.shopify.com/s/files/1/0785/1674/8585/files/WEB3_a50b5437-2dd9-48b0-8794-13ffdefcaa23_1600x.jpg?v=1738833563
14991,https://cdn.shopify.com/s/files/1/0785/1674/8585/files/WEB1_5045ccbb-df43-40c7-8135-32edb7bf0928_1600x.jpg?v=1738833563
14991,https://cdn.shopify.com/s/files/1/0785/1674/8585/files/WEB2_2634a6f2-a1b7-44c8-ab92-6f4340ba92f0_1600x.jpg?v=1738833563
14991,https://cdn.shopify.com/s/files/1/0785/1674/8585/files/WEB4_f698307f-c388-4171-ae01-68e9d2346c6f.jpg?v=1738833563&quality=60&width=512
14994,https://cdn.shopify.com/s/files/1/0785/1674/8585/files/WEB4_1_916f6ef3-ea63-4561-8b89-72307aadc745_512x.jpg?v=1739430462
14994,https://cdn.shopify.com/s/files/1/0785/1674/8585/files/WEB4_1_916f6ef3-ea63-4561-8b89-72307aadc745_1600x.jpg?v=1739430462
14994,https://cdn.shopify.com/s/files/1/0785/1674/8585/files/WEB1_1_af0494e6-56b3-4eeb-9532-7cb30b9b0527_1600x.jpg?v=1739430462
14994,https://cdn.shopify.com/s/files/1/0785/1674/8585/files/WEB2_1_af4e6dfb-7646-4137-a634-8cdad4cae602_1600x.jpg?v=1739430462
14994,https://cdn.shopify.com/s/files/1/0785/1674/8585/files/WEB3_1_328bf0f8-9eb2-406a-a77f-e679f7f2966f_1600x.jpg?v=1739430462
14994,https://cdn.shopify.com/s/files/1/0785/1674/8585/files/WEB3_980f49bb-9e0b-4af1-bf33-4b2727b12b91_1600x.jpg?v=1739274815
14994,https://cdn.shopify.com/s/files/1/0785/1674/8585/files/WEB3_980f49bb-9e0b-4af1-bf33-4b2727b12b91.jpg?v=1739274815&quality=60&width=512
14995,https://cdn.shopify.com/s/files/1/0785/1674/8585/files/1_VWWCO2447404002_0bf68c90-5bd2-4aa7-a33c-52a6fe003267_512x.jpg?v=1745851427
14995,https://cdn.shopify.com/s/files/1/0785/1674/8585/files/2_VWWCO2447404002_3459059e-8280-41b4-b31e-e57f13fb614b_1600x.jpg?v=1745851427
14995,https://cdn.shopify.com/s/files/1/0785/1674/8585/files/3_VWWCO2447404002_9221bcba-12cf-447a-8e34-efdbe5f88444_1600x.jpg?v=1745851427
14995,https://cdn.shopify.com/s/files/1/0785/1674/8585/files/4_VWWCO2447404002_0d680829-c5e2-42d7-ad01-9368211cbf16_1600x.jpg?v=1745851427
14995,https://cdn.shopify.com/s/files/1/0785/1674/8585/files/5_VWWCO2447404002_64d3fbee-36a7-49ef-af87-cdcb6ce4ddcb_1600x.jpg?v=1745851427
14995,https://cdn.shopify.com/s/files/1/0785/1674/8585/files/1_VWWCO2447404002_0bf68c90-5bd2-4aa7-a33c-52a6fe003267_1600x.jpg?v=1745851427
14996,https://cdn.shopify.com/s/files/1/0785/1674/8585/files/WEB1_558d0733-4f95-4d7c-9bc0-1a2c742b79da_512x.jpg?v=1739271237
14996,https://cdn.shopify.com/s/files/1/0785/1674/8585/files/WEB1_558d0733-4f95-4d7c-9bc0-1a2c742b79da_1600x.jpg?v=1739271237
14996,https://cdn.shopify.com/s/files/1/0785/1674/8585/files/WEB7_7dac0ea1-9054-46e9-89b3-da4989fb9153_1600x.jpg?v=1739271242
14996,https://cdn.shopify.com/s/files/1/0785/1674/8585/files/WEB2_a6c621ec-70ff-42a5-a8ad-b59d7ef2cfc5_1600x.jpg?v=1739271242
14996,https://cdn.shopify.com/s/files/1/0785/1674/8585/files/WEB3_def9f1ab-ec76-462f-a51c-7ab43989f0f5_1600x.jpg?v=1739271242
14996,https://cdn.shopify.com/s/files/1/0785/1674/8585/files/WEB6_68a3a7cd-566b-4285-9eff-997ea27743cd_1600x.jpg?v=1739271242
14996,https://cdn.shopify.com/s/files/1/0785/1674/8585/files/WEB1_558d0733-4f95-4d7c-9bc0-1a2c742b79da.jpg?v=1739271237&quality=60&width=512
14997,https://cdn.shopify.com/s/files/1/0785/1674/8585/files/1_VWWSS2447405901_60182a30-4949-4a6d-8aad-a76b4d59cb1d_512x.jpg?v=1745851427
14997,https://cdn.shopify.com/s/files/1/0785/1674/8585/files/2_VWWSS2447405901_5e397a63-52a3-48b1-89d2-85ce78b81373_1600x.jpg?v=1745851427
14997,https://cdn.shopify.com/s/files/1/0785/1674/8585/files/3_VWWSS2447405901_6c5bed19-a843-4ed5-832e-3b2af1d98c23_1600x.jpg?v=1745851427
14997,https://cdn.shopify.com/s/files/1/0785/1674/8585/files/4_VWWSS2447405901_df1b6b89-cb32-4738-9a87-7461f63db782_1600x.jpg?v=1745851427
14997,https://cdn.shopify.com/s/files/1/0785/1674/8585/files/5_VWWSS2447405901_7b4eecc3-317c-4b55-8012-69177409efa8_1600x.jpg?v=1745851427
14997,https://cdn.shopify.com/s/files/1/0785/1674/8585/files/1_VWWSS2447405901_60182a30-4949-4a6d-8aad-a76b4d59cb1d_1600x.jpg?v=1745851427
14998,https://cdn.shopify.com/s/files/1/0785/1674/8585/files/WEB5_8b7ac5c8-f32c-48a1-ae95-971683e20c75_1600x.jpg?v=1739277967
14998,https://cdn.shopify.com/s/files/1/0785/1674/8585/files/WEB4_66a4d65e-5808-46c2-b680-e8eb00493508_1600x.jpg?v=1739277967
14998,https://cdn.shopify.com/s/files/1/0785/1674/8585/files/WEB7_71b60261-e355-4641-835e-d0640935f4b5_1600x.jpg?v=1739268758
14998,https://cdn.shopify.com/s/files/1/0785/1674/8585/files/WEB1_db35040f-afd8-42e5-9645-f3517d3d2988_1600x.jpg?v=1739268758
14998,https://cdn.shopify.com/s/files/1/0785/1674/8585/files/WEB2_a43ecf42-9632-42d7-8dbf-81c34334c0f2_1600x.jpg?v=1739268758
14998,https://cdn.shopify.com/s/files/1/0785/1674/8585/files/WEB3_41cc10c4-d4e2-49d6-9407-14e33bf7beb2_1600x.jpg?v=1739268758
14998,https://cdn.shopify.com/s/files/1/0785/1674/8585/files/WEB4_66a4d65e-5808-46c2-b680-e8eb00493508_1600x.jpg?v=1739277967
14999,https://cdn.shopify.com/s/files/1/0785/1674/8585/files/WEB5_9add3ba8-36da-44e8-b765-1b4170403192_512x.jpg?v=1739430286
14999,https://cdn.shopify.com/s/files/1/0785/1674/8585/files/WEB5_9add3ba8-36da-44e8-b765-1b4170403192_1600x.jpg?v=1739430286
14999,https://cdn.shopify.com/s/files/1/0785/1674/8585/files/WEB1_e1dc422e-032d-467b-a058-c2fc935a15c0_1600x.jpg?v=1739430286
14999,https://cdn.shopify.com/s/files/1/0785/1674/8585/files/WEB6_87b1ad02-d863-4c66-b718-20e6cb4848c5_1600x.jpg?v=1739269171
14999,https://cdn.shopify.com/s/files/1/0785/1674/8585/files/WEB2_19ee1063-228b-4653-b0cf-6158f2e8e80e_1600x.jpg?v=1739269171
14999,https://cdn.shopify.com/s/files/1/0785/1674/8585/files/WEB3_35d2a3f1-77a3-4290-bac0-72ebd66da779_1600x.jpg?v=1739269171
14999,https://cdn.shopify.com/s/files/1/0785/1674/8585/files/WEB4_933dd30e-1bff-4c72-91f7-45ae727d492d_1600x.jpg?v=1739269171
14999,https://cdn.shopify.com/s/files/1/0785/1674/8585/files/WEB6_87b1ad02-d863-4c66-b718-20e6cb4848c5_1600x.jpg?v=1739269171
14999,https://cdn.shopify.com/s/files/1/0785/1674/8585/files/Worn_at_IIFA_-_PDP_05_1600x.jpg?v=1742395761
14999,https://cdn.shopify.com/s/files/1/0785/1674/8585/files/WEB1_e1dc422e-032d-467b-a058-c2fc935a15c0_1600x.jpg?v=1742395761
14999,https://cdn.shopify.com/s/files/1/0785/1674/8585/files/WEB6_87b1ad02-d863-4c66-b718-20e6cb4848c5_1600x.jpg?v=1742395761
14999,https://cdn.shopify.com/s/files/1/0785/1674/8585/files/WEB2_19ee1063-228b-4653-b0cf-6158f2e8e80e_1600x.jpg?v=1742395761
14999,https://cdn.shopify.com/s/files/1/0785/1674/8585/files/WEB3_35d2a3f1-77a3-4290-bac0-72ebd66da779_1600x.jpg?v=1742395761
14999,https://cdn.shopify.com/s/files/1/0785/1674/8585/files/WEB4_933dd30e-1bff-4c72-91f7-45ae727d492d_1600x.jpg?v=1742395761
15001,https://cdn.shopify.com/s/files/1/0785/1674/8585/files/WEB5_3930e812-59eb-40d4-a5a8-b219f73cf3a8_512x.jpg?v=1739271707
15001,https://cdn.shopify.com/s/files/1/0785/1674/8585/files/WEB5_3930e812-59eb-40d4-a5a8-b219f73cf3a8_1600x.jpg?v=1739271707
15001,https://cdn.shopify.com/s/files/1/0785/1674/8585/files/WEB6_be7c8b83-8e39-4b25-b688-58d39c86f2d9_1600x.jpg?v=1739271707
15001,https://cdn.shopify.com/s/files/1/0785/1674/8585/files/WEB3_a5ee0e8f-76ef-4671-b16e-bafe0dad026b_1600x.jpg?v=1739271707
15001,https://cdn.shopify.com/s/files/1/0785/1674/8585/files/WEB1_641b36d9-f37c-49a9-b2a1-c05969111750_1600x.jpg?v=1739271707
15001,https://cdn.shopify.com/s/files/1/0785/1674/8585/files/WEB2_86f285a3-976b-46ee-8035-af30855b80d3_1600x.jpg?v=1739271707
15001,https://cdn.shopify.com/s/files/1/0785/1674/8585/files/WEB4_326a78f8-8e15-4292-af0f-9da4431cc680_1600x.jpg?v=1739271706
15001,https://cdn.shopify.com/s/files/1/0785/1674/8585/files/WEB5_3930e812-59eb-40d4-a5a8-b219f73cf3a8.jpg?v=1739271707&quality=60&width=512
15003,https://cdn.shopify.com/s/files/1/0785/1674/8585/files/13thNOV2024Virgio-0112_a0a933d3-d60d-468c-a618-d616d8b38ad2_512x.jpg?v=1737450232
15003,https://cdn.shopify.com/s/files/1/0785/1674/8585/files/13thNOV2024Virgio-0112_a0a933d3-d60d-468c-a618-d616d8b38ad2_1600x.jpg?v=1737450232
15003,https://cdn.shopify.com/s/files/1/0785/1674/8585/files/13thNOV2024Virgio-0077_a35554c3-9bb8-4da0-8803-8d7904e51bad_1600x.jpg?v=1737450232
15003,https://cdn.shopify.com/s/files/1/0785/1674/8585/files/13thNOV2024Virgio-0083_fd80d80a-b03b-4573-bb0b-da589f85dc9d_1600x.jpg?v=1737450232
15003,https://cdn.shopify.com/s/files/1/0785/1674/8585/files/13thNOV2024Virgio-0105_0feeb3a7-6252-4f46-a8e3-71e00dc3db13_1600x.jpg?v=1737450232
15003,https://cdn.shopify.com/s/files/1/0785/1674/8585/files/13thNOV2024Virgio-0141_ff91489d-b696-4fe3-9247-4bac308b59f8_1600x.jpg?v=1737450232
15003,https://cdn.shopify.com/s/files/1/0785/1674/8585/files/13thNOV2024Virgio-0086_467ecfa2-c919-4b35-8186-4089b704793c_1600x.jpg?v=1737450232
15003,https://cdn.shopify.com/s/files/1/0785/1674/8585/files/13thNOV2024Virgio-0107_856a0ea3-13a9-4278-98fc-0e7fedcddc2f_1600x.jpg?v=1737450232
15003,https://cdn.shopify.com/s/files/1/0785/1674/8585/files/13thNOV2024Virgio-0112_a0a933d3-d60d-468c-a618-d616d8b38ad2.jpg?v=1737450232&quality=60&width=512
15004,https://cdn.shopify.com/s/files/1/0785/1674/8585/files/4th_DEC_2024_Virgio-0039_4_512x.jpg?v=1739880812
15004,https://cdn.shopify.com/s/files/1/0785/1674/8585/files/4th_DEC_2024_Virgio-0081_2_1600x.jpg?v=1737629234
15004,https://cdn.shopify.com/s/files/1/0785/1674/8585/files/4th_DEC_2024_Virgio-0039_4_1600x.jpg?v=1737638955
15004,https://cdn.shopify.com/s/files/1/0785/1674/8585/files/4th_DEC_2024_Virgio-0085_2_1600x.jpg?v=1737638955
15004,https://cdn.shopify.com/s/files/1/0785/1674/8585/files/4th_DEC_2024_Virgio-0089_2_1600x.jpg?v=1737638955
15004,https://cdn.shopify.com/s/files/1/0785/1674/8585/files/4th_DEC_2024_Virgio-0086_2_1600x.jpg?v=1737638955
15004,https://cdn.shopify.com/s/files/1/0785/1674/8585/files/4th_DEC_2024_Virgio-0081_2_1600x.jpg?v=1737629234
15004,https://cdn.shopify.com/s/files/1/0785/1674/8585/files/4th_DEC_2024_Virgio-0081_2_1600x.jpg?v=1739880812
15004,https://cdn.shopify.com/s/files/1/0785/1674/8585/files/4th_DEC_2024_Virgio-0039_4_1600x.jpg?v=1739880812
15005,https://cdn.shopify.com/s/files/1/0785/1674/8585/files/4th_DEC_2024_Virgio-0495_512x.jpg?v=1739880711
15005,https://cdn.shopify.com/s/files/1/0785/1674/8585/files/4th_DEC_2024_Virgio-0508_1600x.jpg?v=1737629598
15005,https://cdn.shopify.com/s/files/1/0785/1674/8585/files/4th_DEC_2024_Virgio-0495_1600x.jpg?v=1737639019
15005,https://cdn.shopify.com/s/files/1/0785/1674/8585/files/4th_DEC_2024_Virgio-0511_1600x.jpg?v=1737639019
15005,https://cdn.shopify.com/s/files/1/0785/1674/8585/files/4th_DEC_2024_Virgio-0510_1600x.jpg?v=1737639019
15005,https://cdn.shopify.com/s/files/1/0785/1674/8585/files/4th_DEC_2024_Virgio-0514_1600x.jpg?v=1737639019
15005,https://cdn.shopify.com/s/files/1/0785/1674/8585/files/4th_DEC_2024_Virgio-0508_1600x.jpg?v=1737629598
15005,https://cdn.shopify.com/s/files/1/0785/1674/8585/files/4th_DEC_2024_Virgio-0508_1600x.jpg?v=1739880711
15005,https://cdn.shopify.com/s/files/1/0785/1674/8585/files/4th_DEC_2024_Virgio-0495_1600x.jpg?v=1739880711
15006,https://cdn.shopify.com/s/files/1/0785/1674/8585/files/4th_DEC_2024_Virgio-0032_4_51ef0ddb-5c81-4562-aebe-a6bd95950d25_512x.jpg?v=1739880683
15006,https://cdn.shopify.com/s/files/1/0785/1674/8585/files/4th_DEC_2024_Virgio-0018_5_5c8a223e-dabc-4bed-853a-641f908bd826_1600x.jpg?v=1737633610
15006,https://cdn.shopify.com/s/files/1/0785/1674/8585/files/4th_DEC_2024_Virgio-0032_4_51ef0ddb-5c81-4562-aebe-a6bd95950d25_1600x.jpg?v=1737633610
15006,https://cdn.shopify.com/s/files/1/0785/1674/8585/files/4th_DEC_2024_Virgio-0015_5_30fa51fe-b71f-430a-84a9-6da5e88dbce3_1600x.jpg?v=1737633610
15006,https://cdn.shopify.com/s/files/1/0785/1674/8585/files/4th_DEC_2024_Virgio-0017_5_a5666a2d-af09-427d-a524-68efa04ca219_1600x.jpg?v=1737633610
15006,https://cdn.shopify.com/s/files/1/0785/1674/8585/files/4th_DEC_2024_Virgio-0019_5_201c72cc-a18b-4172-9381-4f910f5d34c7_1600x.jpg?v=1737633610
15006,https://cdn.shopify.com/s/files/1/0785/1674/8585/files/4th_DEC_2024_Virgio-0023_4_c56f3599-5aab-4d12-bfa4-98df99846713_1600x.jpg?v=1737633610
15006,https://cdn.shopify.com/s/files/1/0785/1674/8585/files/4th_DEC_2024_Virgio-0018_5_5c8a223e-dabc-4bed-853a-641f908bd826_1600x.jpg?v=1737633610
15006,https://cdn.shopify.com/s/files/1/0785/1674/8585/files/4th_DEC_2024_Virgio-0018_5_5c8a223e-dabc-4bed-853a-641f908bd826_1600x.jpg?v=1739880683
15006,https://cdn.shopify.com/s/files/1/0785/1674/8585/files/4th_DEC_2024_Virgio-0032_4_51ef0ddb-5c81-4562-aebe-a6bd95950d25_1600x.jpg?v=1739880683
15008,https://cdn.shopify.com/s/files/1/0785/1674/8585/files/4th_DEC_2024_Virgio-0500_6671746c-b3ed-43c5-8e9e-ea1e894e9ba6_512x.jpg?v=1748851276
15008,https://cdn.shopify.com/s/files/1/0785/1674/8585/files/4th_DEC_2024_Virgio-0064_3_1600x.jpg?v=1737629452
15008,https://cdn.shopify.com/s/files/1/0785/1674/8585/files/4th_DEC_2024_Virgio-0059_3_1600x.jpg?v=1737629452
15008,https://cdn.shopify.com/s/files/1/0785/1674/8585/files/4th_DEC_2024_Virgio-0054_4_1600x.jpg?v=1737629452
15008,https://cdn.shopify.com/s/files/1/0785/1674/8585/files/4th_DEC_2024_Virgio-0052_4_1600x.jpg?v=1737629452
15008,https://cdn.shopify.com/s/files/1/0785/1674/8585/files/4th_DEC_2024_Virgio-0047_4_1600x.jpg?v=1737629452
15008,https://cdn.shopify.com/s/files/1/0785/1674/8585/files/4th_DEC_2024_Virgio-0064_3.jpg?v=1737629452&quality=60&width=512
15008,https://cdn.shopify.com/s/files/1/0785/1674/8585/files/4th_DEC_2024_Virgio-0500_6671746c-b3ed-43c5-8e9e-ea1e894e9ba6_1600x.jpg?v=1748851276
15008,https://cdn.shopify.com/s/files/1/0785/1674/8585/files/4th_DEC_2024_Virgio-0453_76ee97ae-77ac-46a5-a29f-5ce1acd3b751_1600x.jpg?v=1748851276
15008,https://cdn.shopify.com/s/files/1/0785/1674/8585/files/4th_DEC_2024_Virgio-0482_0678fb40-2fa9-432a-8499-0e354c8637af_1600x.jpg?v=1748851276
15008,https://cdn.shopify.com/s/files/1/0785/1674/8585/files/4th_DEC_2024_Virgio-0485_69936ae4-aaa9-4d39-9685-2086312a811b_1600x.jpg?v=1748851276
15008,https://cdn.shopify.com/s/files/1/0785/1674/8585/files/4th_DEC_2024_Virgio-0472_1dc37d76-3f2c-46ae-8d02-5a6f60e0cabd_1600x.jpg?v=1748851276
15008,https://cdn.shopify.com/s/files/1/0785/1674/8585/files/4th_DEC_2024_Virgio-0491_7a56e418-42db-4e65-a10d-e8812859e3c5_1600x.jpg?v=1748851272
15009,https://cdn.shopify.com/s/files/1/0785/1674/8585/files/Untitled-2_a81ec998-e3c8-4641-980e-840bc26eaf73_512x.jpg?v=1739427854
15009,https://cdn.shopify.com/s/files/1/0785/1674/8585/files/Untitled-2_a81ec998-e3c8-4641-980e-840bc26eaf73_1600x.jpg?v=1739427854
15009,https://cdn.shopify.com/s/files/1/0785/1674/8585/files/Untitled-3_8d65bcf8-bbab-4b06-9be3-c8ec29d87827_1600x.jpg?v=1739427855
15009,https://cdn.shopify.com/s/files/1/0785/1674/8585/files/Untitled-4_644fb7cb-e06a-4f51-b77c-7dcc9d9aa4aa_1600x.jpg?v=1739427869
15009,https://cdn.shopify.com/s/files/1/0785/1674/8585/files/Untitled-37_34898f0e-418d-4bba-a1de-cffc32dab864_1600x.jpg?v=1739427869
15009,https://cdn.shopify.com/s/files/1/0785/1674/8585/files/Untitled-5_237e2a35-4338-4689-a333-224d03d005b2_1600x.jpg?v=1739427856
15009,https://cdn.shopify.com/s/files/1/0785/1674/8585/files/Untitled-2_a81ec998-e3c8-4641-980e-840bc26eaf73.jpg?v=1739427854&quality=60&width=512
15010,https://cdn.shopify.com/s/files/1/0785/1674/8585/files/Untitled-9_c891c20b-f310-4c0a-a8a7-62640283660e_512x.jpg?v=1739427493
15010,https://cdn.shopify.com/s/files/1/0785/1674/8585/files/Untitled-9_c891c20b-f310-4c0a-a8a7-62640283660e_1600x.jpg?v=1739427493
15010,https://cdn.shopify.com/s/files/1/0785/1674/8585/files/Untitled-11_0bea924b-dabf-487d-bc9c-22b79503bc59_1600x.jpg?v=1739427493
15010,https://cdn.shopify.com/s/files/1/0785/1674/8585/files/Untitled-8_1a58420e-0e3e-4de0-b50b-a06fa50b1c18_1600x.jpg?v=1739427493
15010,https://cdn.shopify.com/s/files/1/0785/1674/8585/files/Untitled-13_bd1c6918-9e86-4965-984c-0fdb3dd5fec3_1600x.jpg?v=1739427493
15010,https://cdn.shopify.com/s/files/1/0785/1674/8585/files/Untitled-12_ae797e2b-b3d4-4db3-b4d4-9fd886e6115d_1600x.jpg?v=1739427457
15010,https://cdn.shopify.com/s/files/1/0785/1674/8585/files/Untitled-9_c891c20b-f310-4c0a-a8a7-62640283660e.jpg?v=1739427493&quality=60&width=512
15012,https://cdn.shopify.com/s/files/1/0785/1674/8585/files/8101985_512x.jpg?v=1741341930
15012,https://cdn.shopify.com/s/files/1/0785/1674/8585/files/Untitled-23_0d6facf0-927d-4a6d-8719-77961b9dcbe5_1600x.jpg?v=1739427798
15012,https://cdn.shopify.com/s/files/1/0785/1674/8585/files/Untitled-38_1600x.jpg?v=1739427798
15012,https://cdn.shopify.com/s/files/1/0785/1674/8585/files/Untitled-24_6fbf271e-b94a-464a-a77f-a6f29227c41f_1600x.jpg?v=1739427798
15012,https://cdn.shopify.com/s/files/1/0785/1674/8585/files/Untitled-22_64b8d0fb-ff47-4214-8762-c48f3859334f_1600x.jpg?v=1739427798
15012,https://cdn.shopify.com/s/files/1/0785/1674/8585/files/Untitled-25_9cc00084-1836-43bb-a649-18f4f983153d_1600x.jpg?v=1739427797
15012,https://cdn.shopify.com/s/files/1/0785/1674/8585/files/Untitled-26_652e7c9b-beba-4ef7-8bfe-8fefe6144d9c_1600x.jpg?v=1739427797
15012,https://cdn.shopify.com/s/files/1/0785/1674/8585/files/Untitled-23_0d6facf0-927d-4a6d-8719-77961b9dcbe5_1600x.jpg?v=1739427798
15012,https://cdn.shopify.com/s/files/1/0785/1674/8585/files/8101980_1600x.jpg?v=1741341930
15012,https://cdn.shopify.com/s/files/1/0785/1674/8585/files/8101990_1600x.jpg?v=1741341893
15012,https://cdn.shopify.com/s/files/1/0785/1674/8585/files/8101992_1600x.jpg?v=1741341893
15012,https://cdn.shopify.com/s/files/1/0785/1674/8585/files/8101994_1600x.jpg?v=1741341893
15012,https://cdn.shopify.com/s/files/1/0785/1674/8585/files/8101996_1600x.jpg?v=1741341893
15012,https://cdn.shopify.com/s/files/1/0785/1674/8585/files/8101985_1600x.jpg?v=1741341930
15013,https://cdn.shopify.com/s/files/1/0785/1674/8585/files/Untitled-27_092e0ee8-6f89-4ea7-9858-15d07548799b_512x.jpg?v=1739427395
15013,https://cdn.shopify.com/s/files/1/0785/1674/8585/files/Untitled-27_092e0ee8-6f89-4ea7-9858-15d07548799b_1600x.jpg?v=1739427395
15013,https://cdn.shopify.com/s/files/1/0785/1674/8585/files/Untitled-28_f43d375c-bce5-4b20-ba3a-ec368fdf1667_1600x.jpg?v=1739427395
15013,https://cdn.shopify.com/s/files/1/0785/1674/8585/files/Untitled-29_a0ad45f2-d26d-4342-a09a-6e3c0721ae87_1600x.jpg?v=1739427395
15013,https://cdn.shopify.com/s/files/1/0785/1674/8585/files/Untitled-30_cb50c01e-1ceb-45ab-b44e-5a22ae35b2d5_1600x.jpg?v=1739427395
15013,https://cdn.shopify.com/s/files/1/0785/1674/8585/files/Untitled-1_ccee61ed-1ba9-4535-bd6e-6a1f3310f725_1600x.jpg?v=1739427395
15013,https://cdn.shopify.com/s/files/1/0785/1674/8585/files/Untitled-7_d62c24ac-10b9-4b51-b020-29f5107c864a_1600x.jpg?v=1739427374
15013,https://cdn.shopify.com/s/files/1/0785/1674/8585/files/Untitled-27_092e0ee8-6f89-4ea7-9858-15d07548799b.jpg?v=1739427395&quality=60&width=512
15014,https://cdn.shopify.com/s/files/1/0785/1674/8585/files/8102196_512x.jpg?v=1741342002
15014,https://cdn.shopify.com/s/files/1/0785/1674/8585/files/Untitled-34_4c1b2b4a-a5c7-4114-8014-51e1a2bf602a_1600x.jpg?v=1739427203
15014,https://cdn.shopify.com/s/files/1/0785/1674/8585/files/Untitled-36_385407cd-860e-4150-be4b-bc51b149147c_1600x.jpg?v=1739427203
15014,https://cdn.shopify.com/s/files/1/0785/1674/8585/files/Untitled-31_08f26d95-c8d6-4b0d-b468-51aeb08e99e0_1600x.jpg?v=1739427203
15014,https://cdn.shopify.com/s/files/1/0785/1674/8585/files/Untitled-32_fb6bc70f-b516-4937-8c11-4976d8f19278_1600x.jpg?v=1739427203
15014,https://cdn.shopify.com/s/files/1/0785/1674/8585/files/Untitled-6_5f61c924-16c2-4dd4-8dbf-b91fb864464a_1600x.jpg?v=1739427203
15014,https://cdn.shopify.com/s/files/1/0785/1674/8585/files/Untitled-33_3f8827b5-d814-452f-9103-fe059a9fd9c5_1600x.jpg?v=1739427200
15014,https://cdn.shopify.com/s/files/1/0785/1674/8585/files/Untitled-34_4c1b2b4a-a5c7-4114-8014-51e1a2bf602a_1600x.jpg?v=1739427203
15014,https://cdn.shopify.com/s/files/1/0785/1674/8585/files/8102195_1600x.jpg?v=1741342002
15014,https://cdn.shopify.com/s/files/1/0785/1674/8585/files/8102199_1600x.jpg?v=1741341971
15014,https://cdn.shopify.com/s/files/1/0785/1674/8585/files/8102203_1600x.jpg?v=1741341971
15014,https://cdn.shopify.com/s/files/1/0785/1674/8585/files/8102206_1600x.jpg?v=1741341971
15014,https://cdn.shopify.com/s/files/1/0785/1674/8585/files/8102209_1600x.jpg?v=1741341971
15014,https://cdn.shopify.com/s/files/1/0785/1674/8585/files/8102196_1600x.jpg?v=1741342002
15016,https://cdn.shopify.com/s/files/1/0785/1674/8585/files/28th_DEC_2024Virgio-0427_1600x.jpg?v=1736153200
15016,https://cdn.shopify.com/s/files/1/0785/1674/8585/files/28th_DEC_2024Virgio-0427_1600x.jpg?v=1736153200
15016,https://cdn.shopify.com/s/files/1/0785/1674/8585/files/28th_DEC_2024Virgio-0475_1600x.jpg?v=1736153214
15016,https://cdn.shopify.com/s/files/1/0785/1674/8585/files/28th_DEC_2024Virgio-0463_1600x.jpg?v=1736153214
15016,https://cdn.shopify.com/s/files/1/0785/1674/8585/files/28th_DEC_2024Virgio-0530_1600x.jpg?v=1736153214
15016,https://cdn.shopify.com/s/files/1/0785/1674/8585/files/28th_DEC_2024Virgio-0486_1600x.jpg?v=1736153214
15016,https://cdn.shopify.com/s/files/1/0785/1674/8585/files/28th_DEC_2024Virgio-0495_1600x.jpg?v=1736153214
15016,https://cdn.shopify.com/s/files/1/0785/1674/8585/files/28th_DEC_2024Virgio-0506_1600x.jpg?v=1736153214
15016,https://cdn.shopify.com/s/files/1/0785/1674/8585/files/28th_DEC_2024Virgio-0539_1600x.jpg?v=1736153200
15016,https://cdn.shopify.com/s/files/1/0785/1674/8585/files/28th_DEC_2024Virgio-0427.jpg?v=1736153200&quality=60&width=512
15016,https://cdn.shopify.com/s/files/1/0785/1674/8585/files/28th_DEC_2024Virgio-0427_512x.jpg?v=1736153200
15017,https://cdn.shopify.com/s/files/1/0785/1674/8585/files/28th_DEC_2024Virgio-0197.jpg?v=1736152972&quality=60&width=512
15017,https://cdn.shopify.com/s/files/1/0785/1674/8585/files/28th_DEC_2024Virgio-0197.jpg?v=1736152972&quality=60&width=512
15017,https://cdn.shopify.com/s/files/1/0785/1674/8585/files/28th_DEC_2024Virgio-0132.jpg?v=1736152972&quality=60&width=512
15017,https://cdn.shopify.com/s/files/1/0785/1674/8585/files/28th_DEC_2024Virgio-0205.jpg?v=1736152972&quality=60&width=512
15017,https://cdn.shopify.com/s/files/1/0785/1674/8585/files/28th_DEC_2024Virgio-0170.jpg?v=1739434845&quality=60&width=512
15017,https://cdn.shopify.com/s/files/1/0785/1674/8585/files/28th_DEC_2024Virgio-0077.jpg?v=1739434845&quality=60&width=512
15017,https://cdn.shopify.com/s/files/1/0785/1674/8585/files/28th_DEC_2024Virgio-0179.jpg?v=1739434845&quality=60&width=512
15017,https://cdn.shopify.com/s/files/1/0785/1674/8585/files/28th_DEC_2024Virgio-0222.jpg?v=1739434845&quality=60&width=512
15017,https://cdn.shopify.com/s/files/1/0785/1674/8585/files/28th_DEC_2024Virgio-0239.jpg?v=1739434845&quality=60&width=512
15017,https://cdn.shopify.com/s/files/1/0785/1674/8585/files/28th_DEC_2024Virgio-0246.jpg?v=1739434845&quality=60&width=512
15017,https://cdn.shopify.com/s/files/1/0785/1674/8585/files/28th_DEC_2024Virgio-0197.jpg?v=1736152972&quality=60&width=512
15018,https://cdn.shopify.com/s/files/1/0785/1674/8585/files/28th_DEC_2024Virgio-1647_512x.jpg?v=1736152864
15018,https://cdn.shopify.com/s/files/1/0785/1674/8585/files/28th_DEC_2024Virgio-1647_1600x.jpg?v=1736152864
15018,https://cdn.shopify.com/s/files/1/0785/1674/8585/files/28th_DEC_2024Virgio-1623_1600x.jpg?v=1736152864
15018,https://cdn.shopify.com/s/files/1/0785/1674/8585/files/28th_DEC_2024Virgio-1635_1600x.jpg?v=1736152864
15018,https://cdn.shopify.com/s/files/1/0785/1674/8585/files/28th_DEC_2024Virgio-1612_1600x.jpg?v=1736152864
15018,https://cdn.shopify.com/s/files/1/0785/1674/8585/files/28th_DEC_2024Virgio-1638_1600x.jpg?v=1736152861
15018,https://cdn.shopify.com/s/files/1/0785/1674/8585/files/28th_DEC_2024Virgio-1643_1600x.jpg?v=1736152861
15018,https://cdn.shopify.com/s/files/1/0785/1674/8585/files/28th_DEC_2024Virgio-1656_1600x.jpg?v=1736152821
15018,https://cdn.shopify.com/s/files/1/0785/1674/8585/files/28th_DEC_2024Virgio-1647.jpg?v=1736152864&quality=60&width=512
15019,https://cdn.shopify.com/s/files/1/0785/1674/8585/files/28th_DEC_2024Virgio-0587_512x.jpg?v=1736403332
15019,https://cdn.shopify.com/s/files/1/0785/1674/8585/files/28th_DEC_2024Virgio-0587_1600x.jpg?v=1736403332
15019,https://cdn.shopify.com/s/files/1/0785/1674/8585/files/28th_DEC_2024Virgio-0635_1_1600x.jpg?v=1736403332
15019,https://cdn.shopify.com/s/files/1/0785/1674/8585/files/28th_DEC_2024Virgio-0599_1600x.jpg?v=1736152662
15019,https://cdn.shopify.com/s/files/1/0785/1674/8585/files/28th_DEC_2024Virgio-0573_1600x.jpg?v=1736152662
15019,https://cdn.shopify.com/s/files/1/0785/1674/8585/files/28th_DEC_2024Virgio-0664_1600x.jpg?v=1736152609
15019,https://cdn.shopify.com/s/files/1/0785/1674/8585/files/28th_DEC_2024Virgio-0635_1.jpg?v=1736403332&quality=60&width=512
15020,https://cdn.shopify.com/s/files/1/0785/1674/8585/files/28th_DEC_2024Virgio-0760_512x.jpg?v=1736774325
15020,https://cdn.shopify.com/s/files/1/0785/1674/8585/files/28th_DEC_2024Virgio-0760_1600x.jpg?v=1736774325
15020,https://cdn.shopify.com/s/files/1/0785/1674/8585/files/28th_DEC_2024Virgio-0759_1600x.jpg?v=1736774325
15020,https://cdn.shopify.com/s/files/1/0785/1674/8585/files/28th_DEC_2024Virgio-0767_1600x.jpg?v=1736428080
15020,https://cdn.shopify.com/s/files/1/0785/1674/8585/files/28th_DEC_2024Virgio-0799_351a1010-8faf-4bd5-9afa-9d4053d2a36b_1600x.jpg?v=1736428140
15020,https://cdn.shopify.com/s/files/1/0785/1674/8585/files/28th_DEC_2024Virgio-0769_1600x.jpg?v=1736428140
15020,https://cdn.shopify.com/s/files/1/0785/1674/8585/files/28th_DEC_2024Virgio-0759.jpg?v=1736774325&quality=60&width=512
15021,https://cdn.shopify.com/s/files/1/0785/1674/8585/files/28th_DEC_2024Virgio-0799_512x.jpg?v=1738656808
15021,https://cdn.shopify.com/s/files/1/0785/1674/8585/files/28th_DEC_2024Virgio-0799_1600x.jpg?v=1738656808
15021,https://cdn.shopify.com/s/files/1/0785/1674/8585/files/28th_DEC_2024Virgio-0773_1600x.jpg?v=1738656808
15021,https://cdn.shopify.com/s/files/1/0785/1674/8585/files/28th_DEC_2024Virgio-0730_1600x.jpg?v=1738656808
15021,https://cdn.shopify.com/s/files/1/0785/1674/8585/files/28th_DEC_2024Virgio-0775_1600x.jpg?v=1738656808
15021,https://cdn.shopify.com/s/files/1/0785/1674/8585/files/28th_DEC_2024Virgio-0774_1600x.jpg?v=1738656807
15021,https://cdn.shopify.com/s/files/1/0785/1674/8585/files/28th_DEC_2024Virgio-0778_1600x.jpg?v=1736428013
15021,https://cdn.shopify.com/s/files/1/0785/1674/8585/files/28th_DEC_2024Virgio-0799.jpg?v=1738656808&quality=60&width=512
15023,https://cdn.shopify.com/s/files/1/0785/1674/8585/files/28th_DEC_2024Virgio-0201_1_512x.jpg?v=1741858309
15023,https://cdn.shopify.com/s/files/1/0785/1674/8585/files/28th_DEC_2024Virgio-0201_1_1600x.jpg?v=1736922869
15023,https://cdn.shopify.com/s/files/1/0785/1674/8585/files/28th_DEC_2024Virgio-0250_1_1600x.jpg?v=1736922869
15023,https://cdn.shopify.com/s/files/1/0785/1674/8585/files/28th_DEC_2024Virgio-0194_1_1600x.jpg?v=1736496228
15023,https://cdn.shopify.com/s/files/1/0785/1674/8585/files/28th_DEC_2024Virgio-0189_1_1600x.jpg?v=1736496228
15023,https://cdn.shopify.com/s/files/1/0785/1674/8585/files/28th_DEC_2024Virgio-0208_1_1600x.jpg?v=1736496224
15023,https://cdn.shopify.com/s/files/1/0785/1674/8585/files/28th_DEC_2024Virgio-0215_1_1600x.jpg?v=1736496224
15023,https://cdn.shopify.com/s/files/1/0785/1674/8585/files/28th_DEC_2024Virgio-0222_1_1600x.jpg?v=1736496224
15023,https://cdn.shopify.com/s/files/1/0785/1674/8585/files/28th_DEC_2024Virgio-0254_1_1600x.jpg?v=1736496205
15023,https://cdn.shopify.com/s/files/1/0785/1674/8585/files/28th_DEC_2024Virgio-0250_1_1600x.jpg?v=1736922869
15023,https://cdn.shopify.com/s/files/1/0785/1674/8585/files/28th_DEC_2024Virgio-0250_1_1600x.jpg?v=1741858309
15023,https://cdn.shopify.com/s/files/1/0785/1674/8585/files/28th_DEC_2024Virgio-0201_1_1600x.jpg?v=1741858309
15025,https://cdn.shopify.com/s/files/1/0785/1674/8585/files/28th_DEC_2024Virgio-0443_1_512x.jpg?v=1736403372
15025,https://cdn.shopify.com/s/files/1/0785/1674/8585/files/28th_DEC_2024Virgio-0443_1_1600x.jpg?v=1736403372
15025,https://cdn.shopify.com/s/files/1/0785/1674/8585/files/28th_DEC_2024Virgio-0521_1_1600x.jpg?v=1736403372
15025,https://cdn.shopify.com/s/files/1/0785/1674/8585/files/28th_DEC_2024Virgio-0452_1_1600x.jpg?v=1736152742
15025,https://cdn.shopify.com/s/files/1/0785/1674/8585/files/28th_DEC_2024Virgio-0438_1_1600x.jpg?v=1736152742
15025,https://cdn.shopify.com/s/files/1/0785/1674/8585/files/28th_DEC_2024Virgio-0458_1_1600x.jpg?v=1736152740
15025,https://cdn.shopify.com/s/files/1/0785/1674/8585/files/28th_DEC_2024Virgio-0462_1_1600x.jpg?v=1736152740
15025,https://cdn.shopify.com/s/files/1/0785/1674/8585/files/28th_DEC_2024Virgio-0464_1_1600x.jpg?v=1736152740
15025,https://cdn.shopify.com/s/files/1/0785/1674/8585/files/28th_DEC_2024Virgio-0496_1_1600x.jpg?v=1736152740
15025,https://cdn.shopify.com/s/files/1/0785/1674/8585/files/28th_DEC_2024Virgio-0521_1.jpg?v=1736403372&quality=60&width=512
15026,https://cdn.shopify.com/s/files/1/0785/1674/8585/files/28th_DEC_2024Virgio-1581_512x.jpg?v=1736152354
15026,https://cdn.shopify.com/s/files/1/0785/1674/8585/files/28th_DEC_2024Virgio-1581_1600x.jpg?v=1736152354
15026,https://cdn.shopify.com/s/files/1/0785/1674/8585/files/28th_DEC_2024Virgio-1553_1600x.jpg?v=1736152354
15026,https://cdn.shopify.com/s/files/1/0785/1674/8585/files/28th_DEC_2024Virgio-1557_1600x.jpg?v=1736152354
15026,https://cdn.shopify.com/s/files/1/0785/1674/8585/files/28th_DEC_2024Virgio-1549_1600x.jpg?v=1736152354
15026,https://cdn.shopify.com/s/files/1/0785/1674/8585/files/28th_DEC_2024Virgio-1565_1600x.jpg?v=1736152346
15026,https://cdn.shopify.com/s/files/1/0785/1674/8585/files/28th_DEC_2024Virgio-1571_1600x.jpg?v=1736152346
15026,https://cdn.shopify.com/s/files/1/0785/1674/8585/files/28th_DEC_2024Virgio-1572_1600x.jpg?v=1736152346
15026,https://cdn.shopify.com/s/files/1/0785/1674/8585/files/28th_DEC_2024Virgio-1601_1600x.jpg?v=1736152337
15026,https://cdn.shopify.com/s/files/1/0785/1674/8585/files/28th_DEC_2024Virgio-1607_1600x.jpg?v=1736152336
15026,https://cdn.shopify.com/s/files/1/0785/1674/8585/files/28th_DEC_2024Virgio-1581.jpg?v=1736152354&quality=60&width=512
15027,https://cdn.shopify.com/s/files/1/0785/1674/8585/files/28th_DEC_2024Virgio-0839_512x.jpg?v=1736152422
15027,https://cdn.shopify.com/s/files/1/0785/1674/8585/files/28th_DEC_2024Virgio-0839_1600x.jpg?v=1736152422
15027,https://cdn.shopify.com/s/files/1/0785/1674/8585/files/28th_DEC_2024Virgio-0854_1600x.jpg?v=1736152438
15027,https://cdn.shopify.com/s/files/1/0785/1674/8585/files/28th_DEC_2024Virgio-0864_1600x.jpg?v=1736152438
15027,https://cdn.shopify.com/s/files/1/0785/1674/8585/files/28th_DEC_2024Virgio-0850_1600x.jpg?v=1736152438
15027,https://cdn.shopify.com/s/files/1/0785/1674/8585/files/28th_DEC_2024Virgio-0859_1600x.jpg?v=1736152438
15027,https://cdn.shopify.com/s/files/1/0785/1674/8585/files/28th_DEC_2024Virgio-0883_1600x.jpg?v=1736152422
15027,https://cdn.shopify.com/s/files/1/0785/1674/8585/files/28th_DEC_2024Virgio-0839.jpg?v=1736152422&quality=60&width=512
15028,https://cdn.shopify.com/s/files/1/0785/1674/8585/files/28th_DEC_2024Virgio-0073_1_512x.jpg?v=1736150082
15028,https://cdn.shopify.com/s/files/1/0785/1674/8585/files/28th_DEC_2024Virgio-0073_1_1600x.jpg?v=1736150082
15028,https://cdn.shopify.com/s/files/1/0785/1674/8585/files/28th_DEC_2024Virgio-0681_1600x.jpg?v=1736150082
15028,https://cdn.shopify.com/s/files/1/0785/1674/8585/files/28th_DEC_2024Virgio-0687_1600x.jpg?v=1736150082
15028,https://cdn.shopify.com/s/files/1/0785/1674/8585/files/28th_DEC_2024Virgio-0671_1600x.jpg?v=1736150082
15028,https://cdn.shopify.com/s/files/1/0785/1674/8585/files/28th_DEC_2024Virgio-0031_1600x.jpg?v=1736150082
15028,https://cdn.shopify.com/s/files/1/0785/1674/8585/files/28th_DEC_2024Virgio-0033_1600x.jpg?v=1736150082
15028,https://cdn.shopify.com/s/files/1/0785/1674/8585/files/28th_DEC_2024Virgio-0052_1600x.jpg?v=1736150082
15028,https://cdn.shopify.com/s/files/1/0785/1674/8585/files/28th_DEC_2024Virgio-0073_1.jpg?v=1736150082&quality=60&width=512
15030,https://cdn.shopify.com/s/files/1/0785/1674/8585/files/28th_DEC_2024Virgio-1130_512x.jpg?v=1738657174
15030,https://cdn.shopify.com/s/files/1/0785/1674/8585/files/28th_DEC_2024Virgio-1130_1600x.jpg?v=1738657174
15030,https://cdn.shopify.com/s/files/1/0785/1674/8585/files/28th_DEC_2024Virgio-1141_1600x.jpg?v=1738657174
15030,https://cdn.shopify.com/s/files/1/0785/1674/8585/files/28th_DEC_2024Virgio-1074_1600x.jpg?v=1738657174
15030,https://cdn.shopify.com/s/files/1/0785/1674/8585/files/28th_DEC_2024Virgio-1085_1600x.jpg?v=1738657174
15030,https://cdn.shopify.com/s/files/1/0785/1674/8585/files/28th_DEC_2024Virgio-1063_1600x.jpg?v=1738657174
15030,https://cdn.shopify.com/s/files/1/0785/1674/8585/files/28th_DEC_2024Virgio-1109_1600x.jpg?v=1738657174
15030,https://cdn.shopify.com/s/files/1/0785/1674/8585/files/28th_DEC_2024Virgio-1149_1600x.jpg?v=1736151940
15030,https://cdn.shopify.com/s/files/1/0785/1674/8585/files/28th_DEC_2024Virgio-1130.jpg?v=1738657174&quality=60&width=512
15031,https://cdn.shopify.com/s/files/1/0785/1674/8585/files/28th_DEC_2024Virgio-0182_1_512x.jpg?v=1736151873
15031,https://cdn.shopify.com/s/files/1/0785/1674/8585/files/28th_DEC_2024Virgio-0182_1_1600x.jpg?v=1736151873
15031,https://cdn.shopify.com/s/files/1/0785/1674/8585/files/28th_DEC_2024Virgio-0140_1_1600x.jpg?v=1736151873
15031,https://cdn.shopify.com/s/files/1/0785/1674/8585/files/28th_DEC_2024Virgio-0136_1_1600x.jpg?v=1736151873
15031,https://cdn.shopify.com/s/files/1/0785/1674/8585/files/28th_DEC_2024Virgio-0131_1_1600x.jpg?v=1736151873
15031,https://cdn.shopify.com/s/files/1/0785/1674/8585/files/28th_DEC_2024Virgio-0154_1_1600x.jpg?v=1736151873
15031,https://cdn.shopify.com/s/files/1/0785/1674/8585/files/28th_DEC_2024Virgio-0155_1_1600x.jpg?v=1736151873
15031,https://cdn.shopify.com/s/files/1/0785/1674/8585/files/28th_DEC_2024Virgio-0163_1_1600x.jpg?v=1736151873
15031,https://cdn.shopify.com/s/files/1/0785/1674/8585/files/28th_DEC_2024Virgio-0140_1.jpg?v=1736151873&quality=60&width=512
15032,https://cdn.shopify.com/s/files/1/0785/1674/8585/files/28th_DEC_2024Virgio-0621_1_1600x.jpg?v=1736152249
15032,https://cdn.shopify.com/s/files/1/0785/1674/8585/files/28th_DEC_2024Virgio-0621_1_1600x.jpg?v=1736152249
15032,https://cdn.shopify.com/s/files/1/0785/1674/8585/files/28th_DEC_2024Virgio-0591_1_1600x.jpg?v=1736152249
15032,https://cdn.shopify.com/s/files/1/0785/1674/8585/files/28th_DEC_2024Virgio-0582_1_1600x.jpg?v=1736152249
15032,https://cdn.shopify.com/s/files/1/0785/1674/8585/files/28th_DEC_2024Virgio-0612_1_1600x.jpg?v=1736152238
15032,https://cdn.shopify.com/s/files/1/0785/1674/8585/files/28th_DEC_2024Virgio-0614_1_1600x.jpg?v=1736152238
15032,https://cdn.shopify.com/s/files/1/0785/1674/8585/files/28th_DEC_2024Virgio-0626_1_1600x.jpg?v=1736152221
15032,https://cdn.shopify.com/s/files/1/0785/1674/8585/files/28th_DEC_2024Virgio-0628_1_1600x.jpg?v=1736152221
15032,https://cdn.shopify.com/s/files/1/0785/1674/8585/files/28th_DEC_2024Virgio-0621_1.jpg?v=1736152249&quality=60&width=512
15032,https://cdn.shopify.com/s/files/1/0785/1674/8585/files/28th_DEC_2024Virgio-0621_1_512x.jpg?v=1736152249
15034,https://cdn.shopify.com/s/files/1/0785/1674/8585/files/28th_DEC_2024Virgio-0332_1_512x.jpg?v=1736774102
15034,https://cdn.shopify.com/s/files/1/0785/1674/8585/files/28th_DEC_2024Virgio-0332_1_1600x.jpg?v=1736774102
15034,https://cdn.shopify.com/s/files/1/0785/1674/8585/files/28th_DEC_2024Virgio-0375_1_1600x.jpg?v=1736774102
15034,https://cdn.shopify.com/s/files/1/0785/1674/8585/files/28th_DEC_2024Virgio-0335_1_1600x.jpg?v=1736151161
15034,https://cdn.shopify.com/s/files/1/0785/1674/8585/files/28th_DEC_2024Virgio-0323_1_1600x.jpg?v=1736151161
15034,https://cdn.shopify.com/s/files/1/0785/1674/8585/files/28th_DEC_2024Virgio-0354_1_1600x.jpg?v=1736151157
15034,https://cdn.shopify.com/s/files/1/0785/1674/8585/files/28th_DEC_2024Virgio-0356_1_1600x.jpg?v=1736151157
15034,https://cdn.shopify.com/s/files/1/0785/1674/8585/files/28th_DEC_2024Virgio-0362_1_1600x.jpg?v=1736151157
15034,https://cdn.shopify.com/s/files/1/0785/1674/8585/files/28th_DEC_2024Virgio-0375_1.jpg?v=1736774102&quality=60&width=512
15035,https://cdn.shopify.com/s/files/1/0785/1674/8585/files/28th_DEC_2024Virgio-1892_512x.jpg?v=1736150849
15035,https://cdn.shopify.com/s/files/1/0785/1674/8585/files/28th_DEC_2024Virgio-1892_1600x.jpg?v=1736150849
15035,https://cdn.shopify.com/s/files/1/0785/1674/8585/files/28th_DEC_2024Virgio-1881_1600x.jpg?v=1736150849
15035,https://cdn.shopify.com/s/files/1/0785/1674/8585/files/28th_DEC_2024Virgio-1865_1600x.jpg?v=1736150849
15035,https://cdn.shopify.com/s/files/1/0785/1674/8585/files/28th_DEC_2024Virgio-1876_1600x.jpg?v=1736150849
15035,https://cdn.shopify.com/s/files/1/0785/1674/8585/files/28th_DEC_2024Virgio-1878_1600x.jpg?v=1736150849
15035,https://cdn.shopify.com/s/files/1/0785/1674/8585/files/28th_DEC_2024Virgio-1894_1600x.jpg?v=1736150836
15035,https://cdn.shopify.com/s/files/1/0785/1674/8585/files/28th_DEC_2024Virgio-1897_1600x.jpg?v=1736150835
15035,https://cdn.shopify.com/s/files/1/0785/1674/8585/files/28th_DEC_2024Virgio-1892.jpg?v=1736150849&quality=60&width=512
15036,https://cdn.shopify.com/s/files/1/0785/1674/8585/files/28th_DEC_2024Virgio-0386_1_512x.jpg?v=1736403475
15036,https://cdn.shopify.com/s/files/1/0785/1674/8585/files/28th_DEC_2024Virgio-0386_1_1600x.jpg?v=1736403475
15036,https://cdn.shopify.com/s/files/1/0785/1674/8585/files/28th_DEC_2024Virgio-0415_1_1600x.jpg?v=1736403475
15036,https://cdn.shopify.com/s/files/1/0785/1674/8585/files/28th_DEC_2024Virgio-0390_1_1600x.jpg?v=1736151668
15036,https://cdn.shopify.com/s/files/1/0785/1674/8585/files/28th_DEC_2024Virgio-0378_1_1600x.jpg?v=1736151668
15036,https://cdn.shopify.com/s/files/1/0785/1674/8585/files/28th_DEC_2024Virgio-0382_1_1600x.jpg?v=1736151668
15036,https://cdn.shopify.com/s/files/1/0785/1674/8585/files/28th_DEC_2024Virgio-0398_1_1600x.jpg?v=1736151668
15036,https://cdn.shopify.com/s/files/1/0785/1674/8585/files/28th_DEC_2024Virgio-0399_1_1600x.jpg?v=1736151668
15036,https://cdn.shopify.com/s/files/1/0785/1674/8585/files/28th_DEC_2024Virgio-0430_1_1600x.jpg?v=1736151668
15036,https://cdn.shopify.com/s/files/1/0785/1674/8585/files/28th_DEC_2024Virgio-0435_1_1600x.jpg?v=1736151668
15036,https://cdn.shopify.com/s/files/1/0785/1674/8585/files/28th_DEC_2024Virgio-0415_1.jpg?v=1736403475&quality=60&width=512
15038,https://cdn.shopify.com/s/files/1/0785/1674/8585/files/28th_DEC_2024Virgio-0299_1_1600x.jpg?v=1736150973
15038,https://cdn.shopify.com/s/files/1/0785/1674/8585/files/28th_DEC_2024Virgio-0299_1_1600x.jpg?v=1736150973
15038,https://cdn.shopify.com/s/files/1/0785/1674/8585/files/28th_DEC_2024Virgio-0262_1_1600x.jpg?v=1736150973
15038,https://cdn.shopify.com/s/files/1/0785/1674/8585/files/28th_DEC_2024Virgio-0318_1_1600x.jpg?v=1736150973
15038,https://cdn.shopify.com/s/files/1/0785/1674/8585/files/28th_DEC_2024Virgio-0257_1_1600x.jpg?v=1736150973
15038,https://cdn.shopify.com/s/files/1/0785/1674/8585/files/28th_DEC_2024Virgio-0282_1_1600x.jpg?v=1736150972
15038,https://cdn.shopify.com/s/files/1/0785/1674/8585/files/28th_DEC_2024Virgio-0284_1_1600x.jpg?v=1736150972
15038,https://cdn.shopify.com/s/files/1/0785/1674/8585/files/28th_DEC_2024Virgio-0317_1_1600x.jpg?v=1736150957
15038,https://cdn.shopify.com/s/files/1/0785/1674/8585/files/28th_DEC_2024Virgio-0299_1.jpg?v=1736150973&quality=60&width=512
15039,https://cdn.shopify.com/s/files/1/0785/1674/8585/files/28th_DEC_2024Virgio-0529_1_512x.jpg?v=1736231286
15039,https://cdn.shopify.com/s/files/1/0785/1674/8585/files/28th_DEC_2024Virgio-0529_1_1600x.jpg?v=1736231286
15039,https://cdn.shopify.com/s/files/1/0785/1674/8585/files/28th_DEC_2024Virgio-0566_1_1600x.jpg?v=1736231286
15039,https://cdn.shopify.com/s/files/1/0785/1674/8585/files/28th_DEC_2024Virgio-0544_1_1600x.jpg?v=1736231286
15039,https://cdn.shopify.com/s/files/1/0785/1674/8585/files/28th_DEC_2024Virgio-0536_1_1600x.jpg?v=1736151484
15039,https://cdn.shopify.com/s/files/1/0785/1674/8585/files/28th_DEC_2024Virgio-0524_1_1600x.jpg?v=1736151484
15039,https://cdn.shopify.com/s/files/1/0785/1674/8585/files/28th_DEC_2024Virgio-0537_1_1600x.jpg?v=1736151480
15039,https://cdn.shopify.com/s/files/1/0785/1674/8585/files/28th_DEC_2024Virgio-0540_1_1600x.jpg?v=1736151480
15039,https://cdn.shopify.com/s/files/1/0785/1674/8585/files/28th_DEC_2024Virgio-0573_1_1600x.jpg?v=1736151464
15039,https://cdn.shopify.com/s/files/1/0785/1674/8585/files/28th_DEC_2024Virgio-0529_1.jpg?v=1736231286&quality=60&width=512
15041,https://cdn.shopify.com/s/files/1/0785/1674/8585/files/28th_DEC_2024Virgio-0984_1600x.jpg?v=1736150757
15041,https://cdn.shopify.com/s/files/1/0785/1674/8585/files/28th_DEC_2024Virgio-0984_1600x.jpg?v=1736150757
15041,https://cdn.shopify.com/s/files/1/0785/1674/8585/files/28th_DEC_2024Virgio-0949_1600x.jpg?v=1736150757
15041,https://cdn.shopify.com/s/files/1/0785/1674/8585/files/28th_DEC_2024Virgio-0963_1600x.jpg?v=1736150757
15041,https://cdn.shopify.com/s/files/1/0785/1674/8585/files/28th_DEC_2024Virgio-0975_1600x.jpg?v=1736150757
15041,https://cdn.shopify.com/s/files/1/0785/1674/8585/files/28th_DEC_2024Virgio-0969_1600x.jpg?v=1736150757
15041,https://cdn.shopify.com/s/files/1/0785/1674/8585/files/28th_DEC_2024Virgio-0979_1600x.jpg?v=1736150757
15041,https://cdn.shopify.com/s/files/1/0785/1674/8585/files/28th_DEC_2024Virgio-1000_1600x.jpg?v=1736150757
15041,https://cdn.shopify.com/s/files/1/0785/1674/8585/files/28th_DEC_2024Virgio-0984.jpg?v=1736150757&quality=60&width=512
15041,https://cdn.shopify.com/s/files/1/0785/1674/8585/files/28th_DEC_2024Virgio-0984_512x.jpg?v=1736150757
15042,https://cdn.shopify.com/s/files/1/0785/1674/8585/files/28th_DEC_2024Virgio-0123_1_512x.jpg?v=1736152086
15042,https://cdn.shopify.com/s/files/1/0785/1674/8585/files/28th_DEC_2024Virgio-0123_1_1600x.jpg?v=1736152086
15042,https://cdn.shopify.com/s/files/1/0785/1674/8585/files/28th_DEC_2024Virgio-0089_1_1600x.jpg?v=1736152086
15042,https://cdn.shopify.com/s/files/1/0785/1674/8585/files/28th_DEC_2024Virgio-0104_1_1600x.jpg?v=1736152086
15042,https://cdn.shopify.com/s/files/1/0785/1674/8585/files/28th_DEC_2024Virgio-0075_1_1600x.jpg?v=1736152086
15042,https://cdn.shopify.com/s/files/1/0785/1674/8585/files/28th_DEC_2024Virgio-0107_1_1600x.jpg?v=1736152086
15042,https://cdn.shopify.com/s/files/1/0785/1674/8585/files/28th_DEC_2024Virgio-0126_1_1600x.jpg?v=1736152086
15042,https://cdn.shopify.com/s/files/1/0785/1674/8585/files/28th_DEC_2024Virgio-0126_1.jpg?v=1736152086&quality=60&width=512
15043,https://cdn.shopify.com/s/files/1/0785/1674/8585/files/28th_DEC_2024Virgio-0714.jpg?v=1736153301&quality=60&width=512
15043,https://cdn.shopify.com/s/files/1/0785/1674/8585/files/28th_DEC_2024Virgio-0714.jpg?v=1736153301&quality=60&width=512
15043,https://cdn.shopify.com/s/files/1/0785/1674/8585/files/28th_DEC_2024Virgio-0647_1.jpg?v=1736153301&quality=60&width=512
15043,https://cdn.shopify.com/s/files/1/0785/1674/8585/files/28th_DEC_2024Virgio-0686_1.jpg?v=1736153301&quality=60&width=512
15043,https://cdn.shopify.com/s/files/1/0785/1674/8585/files/28th_DEC_2024Virgio-0633_1.jpg?v=1736153301&quality=60&width=512
15043,https://cdn.shopify.com/s/files/1/0785/1674/8585/files/28th_DEC_2024Virgio-0664_1.jpg?v=1736153301&quality=60&width=512
15043,https://cdn.shopify.com/s/files/1/0785/1674/8585/files/28th_DEC_2024Virgio-0671_1.jpg?v=1736153301&quality=60&width=512
15043,https://cdn.shopify.com/s/files/1/0785/1674/8585/files/28th_DEC_2024Virgio-0679_1.jpg?v=1736153301&quality=60&width=512
15043,https://cdn.shopify.com/s/files/1/0785/1674/8585/files/28th_DEC_2024Virgio-0681_1.jpg?v=1736153301&quality=60&width=512
15043,https://cdn.shopify.com/s/files/1/0785/1674/8585/files/28th_DEC_2024Virgio-0714.jpg?v=1736153301&quality=60&width=512
15044,https://cdn.shopify.com/s/files/1/0785/1674/8585/files/18th_dec_virgio-3553_512x.jpg?v=1735557120
15044,https://cdn.shopify.com/s/files/1/0785/1674/8585/files/18th_dec_virgio-3553_1600x.jpg?v=1735557120
15044,https://cdn.shopify.com/s/files/1/0785/1674/8585/files/18th_dec_virgio-3540_1600x.jpg?v=1735557119
15044,https://cdn.shopify.com/s/files/1/0785/1674/8585/files/18th_dec_virgio-3533_1600x.jpg?v=1735557119
15044,https://cdn.shopify.com/s/files/1/0785/1674/8585/files/18th_dec_virgio-3545_1600x.jpg?v=1735557119
15044,https://cdn.shopify.com/s/files/1/0785/1674/8585/files/18th_dec_virgio-3546_1600x.jpg?v=1735557119
15044,https://cdn.shopify.com/s/files/1/0785/1674/8585/files/18th_dec_virgio-3547_1600x.jpg?v=1735557119
15044,https://cdn.shopify.com/s/files/1/0785/1674/8585/files/18th_dec_virgio-3555_1600x.jpg?v=1735557105
15044,https://cdn.shopify.com/s/files/1/0785/1674/8585/files/18th_dec_virgio-3553.jpg?v=1735557120&quality=60&width=512
15046,https://cdn.shopify.com/s/files/1/0785/1674/8585/files/18th_dec_virgio-2437_512x.jpg?v=1735207990
15046,https://cdn.shopify.com/s/files/1/0785/1674/8585/files/18th_dec_virgio-2437_1600x.jpg?v=1735207990
15046,https://cdn.shopify.com/s/files/1/0785/1674/8585/files/18th_dec_virgio-2432_1600x.jpg?v=1735207990
15046,https://cdn.shopify.com/s/files/1/0785/1674/8585/files/18th_dec_virgio-2450_1600x.jpg?v=1735207990
15046,https://cdn.shopify.com/s/files/1/0785/1674/8585/files/18th_dec_virgio-2441_1600x.jpg?v=1735207990
15046,https://cdn.shopify.com/s/files/1/0785/1674/8585/files/18th_dec_virgio-2447_1600x.jpg?v=1735207990
15046,https://cdn.shopify.com/s/files/1/0785/1674/8585/files/18th_dec_virgio-2434_1600x.jpg?v=1735207990
15046,https://cdn.shopify.com/s/files/1/0785/1674/8585/files/18th_dec_virgio-2437.jpg?v=1735207990&quality=60&width=512
15047,https://cdn.shopify.com/s/files/1/0785/1674/8585/files/18th_dec_virgio-2520_1_512x.jpg?v=1735207537
15047,https://cdn.shopify.com/s/files/1/0785/1674/8585/files/18th_dec_virgio-2520_1_1600x.jpg?v=1735207537
15047,https://cdn.shopify.com/s/files/1/0785/1674/8585/files/18th_dec_virgio-2545_1600x.jpg?v=1735207537
15047,https://cdn.shopify.com/s/files/1/0785/1674/8585/files/18th_dec_virgio-2526_1600x.jpg?v=1735207537
15047,https://cdn.shopify.com/s/files/1/0785/1674/8585/files/18th_dec_virgio-2515_1600x.jpg?v=1735207537
15047,https://cdn.shopify.com/s/files/1/0785/1674/8585/files/18th_dec_virgio-2517_1600x.jpg?v=1735207537
15047,https://cdn.shopify.com/s/files/1/0785/1674/8585/files/18th_dec_virgio-2523_1600x.jpg?v=1735207537
15047,https://cdn.shopify.com/s/files/1/0785/1674/8585/files/18th_dec_virgio-2524_1600x.jpg?v=1735207469
15047,https://cdn.shopify.com/s/files/1/0785/1674/8585/files/18th_dec_virgio-2520_1.jpg?v=1735207537&quality=60&width=512
15049,https://cdn.shopify.com/s/files/1/0785/1674/8585/files/18th_dec_virgio-2306_512x.jpg?v=1735546987
15049,https://cdn.shopify.com/s/files/1/0785/1674/8585/files/18th_dec_virgio-2306_1600x.jpg?v=1735546987
15049,https://cdn.shopify.com/s/files/1/0785/1674/8585/files/18th_dec_virgio-2286_1600x.jpg?v=1735546987
15049,https://cdn.shopify.com/s/files/1/0785/1674/8585/files/18th_dec_virgio-2295_1600x.jpg?v=1735546987
15049,https://cdn.shopify.com/s/files/1/0785/1674/8585/files/18th_dec_virgio-2281_1600x.jpg?v=1735546987
15049,https://cdn.shopify.com/s/files/1/0785/1674/8585/files/18th_dec_virgio-2299_1600x.jpg?v=1735546984
15049,https://cdn.shopify.com/s/files/1/0785/1674/8585/files/18th_dec_virgio-2306.jpg?v=1735546987&quality=60&width=512
15050,https://cdn.shopify.com/s/files/1/0785/1674/8585/files/18th_dec_virgio-2638_512x.jpg?v=1735207167
15050,https://cdn.shopify.com/s/files/1/0785/1674/8585/files/18th_dec_virgio-2638_1600x.jpg?v=1735207167
15050,https://cdn.shopify.com/s/files/1/0785/1674/8585/files/18th_dec_virgio-2619_1600x.jpg?v=1735207167
15050,https://cdn.shopify.com/s/files/1/0785/1674/8585/files/18th_dec_virgio-2635_1600x.jpg?v=1735207167
15050,https://cdn.shopify.com/s/files/1/0785/1674/8585/files/18th_dec_virgio-2605_1600x.jpg?v=1735207167
15050,https://cdn.shopify.com/s/files/1/0785/1674/8585/files/18th_dec_virgio-2594_1600x.jpg?v=1735207102
15050,https://cdn.shopify.com/s/files/1/0785/1674/8585/files/18th_dec_virgio-2638.jpg?v=1735207167&quality=60&width=512
15052,https://cdn.shopify.com/s/files/1/0785/1674/8585/files/18th_dec_virgio-2499_512x.jpg?v=1735545812
15052,https://cdn.shopify.com/s/files/1/0785/1674/8585/files/18th_dec_virgio-2499_1600x.jpg?v=1735545812
15052,https://cdn.shopify.com/s/files/1/0785/1674/8585/files/18th_dec_virgio-2485_1600x.jpg?v=1735545812
15052,https://cdn.shopify.com/s/files/1/0785/1674/8585/files/18th_dec_virgio-2486_1600x.jpg?v=1735545812
15052,https://cdn.shopify.com/s/files/1/0785/1674/8585/files/18th_dec_virgio-2506_1600x.jpg?v=1735545812
15052,https://cdn.shopify.com/s/files/1/0785/1674/8585/files/18th_dec_virgio-2479_1600x.jpg?v=1735545812
15052,https://cdn.shopify.com/s/files/1/0785/1674/8585/files/18th_dec_virgio-2481_1600x.jpg?v=1735545812
15052,https://cdn.shopify.com/s/files/1/0785/1674/8585/files/18th_dec_virgio-2487_1600x.jpg?v=1735545812
15052,https://cdn.shopify.com/s/files/1/0785/1674/8585/files/18th_dec_virgio-2499.jpg?v=1735545812&quality=60&width=512
15053,https://cdn.shopify.com/s/files/1/0785/1674/8585/files/18th_dec_virgio-2207_1600x.jpg?v=1735557417
15053,https://cdn.shopify.com/s/files/1/0785/1674/8585/files/18th_dec_virgio-2207_1600x.jpg?v=1735557417
15053,https://cdn.shopify.com/s/files/1/0785/1674/8585/files/18th_dec_virgio-2210_1600x.jpg?v=1735557417
15053,https://cdn.shopify.com/s/files/1/0785/1674/8585/files/18th_dec_virgio-2205_1600x.jpg?v=1735557417
15053,https://cdn.shopify.com/s/files/1/0785/1674/8585/files/18th_dec_virgio-2217_1600x.jpg?v=1735557417
15053,https://cdn.shopify.com/s/files/1/0785/1674/8585/files/18th_dec_virgio-2178_1600x.jpg?v=1735557417
15053,https://cdn.shopify.com/s/files/1/0785/1674/8585/files/18th_dec_virgio-2183_1600x.jpg?v=1735557417
15053,https://cdn.shopify.com/s/files/1/0785/1674/8585/files/18th_dec_virgio-2207.jpg?v=1735557417&quality=60&width=512
15055,https://cdn.shopify.com/s/files/1/0785/1674/8585/files/18th_dec_virgio-3033_512x.jpg?v=1735545925
15055,https://cdn.shopify.com/s/files/1/0785/1674/8585/files/18th_dec_virgio-3033_1600x.jpg?v=1735545925
15055,https://cdn.shopify.com/s/files/1/0785/1674/8585/files/18th_dec_virgio-3029_1600x.jpg?v=1735545925
15055,https://cdn.shopify.com/s/files/1/0785/1674/8585/files/18th_dec_virgio-3008_1600x.jpg?v=1735545925
15055,https://cdn.shopify.com/s/files/1/0785/1674/8585/files/18th_dec_virgio-3015_1600x.jpg?v=1735545925
15055,https://cdn.shopify.com/s/files/1/0785/1674/8585/files/18th_dec_virgio-3001_1600x.jpg?v=1735545925
15055,https://cdn.shopify.com/s/files/1/0785/1674/8585/files/18th_dec_virgio-3018_1600x.jpg?v=1735545918
15055,https://cdn.shopify.com/s/files/1/0785/1674/8585/files/18th_dec_virgio-3020_1600x.jpg?v=1735545918
15055,https://cdn.shopify.com/s/files/1/0785/1674/8585/files/18th_dec_virgio-3033.jpg?v=1735545925&quality=60&width=512
15056,https://cdn.shopify.com/s/files/1/0785/1674/8585/files/18th_dec_virgio-2725_512x.jpg?v=1738668174
15056,https://cdn.shopify.com/s/files/1/0785/1674/8585/files/18th_dec_virgio-2725_1600x.jpg?v=1738668174
15056,https://cdn.shopify.com/s/files/1/0785/1674/8585/files/18th_dec_virgio-2714_1600x.jpg?v=1738668174
15056,https://cdn.shopify.com/s/files/1/0785/1674/8585/files/18th_dec_virgio-2708_1600x.jpg?v=1735207407
15056,https://cdn.shopify.com/s/files/1/0785/1674/8585/files/18th_dec_virgio-2698_1600x.jpg?v=1735207407
15056,https://cdn.shopify.com/s/files/1/0785/1674/8585/files/18th_dec_virgio-2699_1600x.jpg?v=1735207407
15056,https://cdn.shopify.com/s/files/1/0785/1674/8585/files/18th_dec_virgio-2719_1600x.jpg?v=1735207401
15056,https://cdn.shopify.com/s/files/1/0785/1674/8585/files/18th_dec_virgio-2714.jpg?v=1738668174&quality=60&width=512
15057,https://cdn.shopify.com/s/files/1/0785/1674/8585/files/18th_dec_virgio-2313_512x.jpg?v=1740119802
15057,https://cdn.shopify.com/s/files/1/0785/1674/8585/files/18th_dec_virgio-2328_1600x.jpg?v=1738667963
15057,https://cdn.shopify.com/s/files/1/0785/1674/8585/files/18th_dec_virgio-2317_1600x.jpg?v=1738667963
15057,https://cdn.shopify.com/s/files/1/0785/1674/8585/files/18th_dec_virgio-2313_1600x.jpg?v=1738667963
15057,https://cdn.shopify.com/s/files/1/0785/1674/8585/files/18th_dec_virgio-2333_1600x.jpg?v=1735556800
15057,https://cdn.shopify.com/s/files/1/0785/1674/8585/files/18th_dec_virgio-2336_1600x.jpg?v=1735556800
15057,https://cdn.shopify.com/s/files/1/0785/1674/8585/files/18th_dec_virgio-2340_1600x.jpg?v=1735556800
15057,https://cdn.shopify.com/s/files/1/0785/1674/8585/files/18th_dec_virgio-2328_1600x.jpg?v=1738667963
15057,https://cdn.shopify.com/s/files/1/0785/1674/8585/files/18th_dec_virgio-2328_1600x.jpg?v=1740119802
15057,https://cdn.shopify.com/s/files/1/0785/1674/8585/files/18th_dec_virgio-2317_1600x.jpg?v=1740119802
15057,https://cdn.shopify.com/s/files/1/0785/1674/8585/files/18th_dec_virgio-2313_1600x.jpg?v=1740119802
15059,https://cdn.shopify.com/s/files/1/0785/1674/8585/files/18th_dec_virgio-2166_1600x.jpg?v=1735546541
15059,https://cdn.shopify.com/s/files/1/0785/1674/8585/files/18th_dec_virgio-2166_1600x.jpg?v=1735546541
15059,https://cdn.shopify.com/s/files/1/0785/1674/8585/files/18th_dec_virgio-2161_1600x.jpg?v=1735546541
15059,https://cdn.shopify.com/s/files/1/0785/1674/8585/files/18th_dec_virgio-2174_1600x.jpg?v=1735546541
15059,https://cdn.shopify.com/s/files/1/0785/1674/8585/files/18th_dec_virgio-2146_1600x.jpg?v=1735546541
15059,https://cdn.shopify.com/s/files/1/0785/1674/8585/files/18th_dec_virgio-2116_1600x.jpg?v=1735546539
15059,https://cdn.shopify.com/s/files/1/0785/1674/8585/files/18th_dec_virgio-2141_1600x.jpg?v=1735546539
15059,https://cdn.shopify.com/s/files/1/0785/1674/8585/files/18th_dec_virgio-2144_1600x.jpg?v=1735546539
15059,https://cdn.shopify.com/s/files/1/0785/1674/8585/files/18th_dec_virgio-2166.jpg?v=1735546541&quality=60&width=512
15060,https://cdn.shopify.com/s/files/1/0785/1674/8585/files/18th_dec_virgio-2234_512x.jpg?v=1735557497
15060,https://cdn.shopify.com/s/files/1/0785/1674/8585/files/18th_dec_virgio-2234_1600x.jpg?v=1735557497
15060,https://cdn.shopify.com/s/files/1/0785/1674/8585/files/18th_dec_virgio-2230_1600x.jpg?v=1735557497
15060,https://cdn.shopify.com/s/files/1/0785/1674/8585/files/18th_dec_virgio-2237_1600x.jpg?v=1735557497
15060,https://cdn.shopify.com/s/files/1/0785/1674/8585/files/18th_dec_virgio-2690_1600x.jpg?v=1735557497
15060,https://cdn.shopify.com/s/files/1/0785/1674/8585/files/18th_dec_virgio-2238_1600x.jpg?v=1735557497
15060,https://cdn.shopify.com/s/files/1/0785/1674/8585/files/18th_dec_virgio-2252_1600x.jpg?v=1735557497
15060,https://cdn.shopify.com/s/files/1/0785/1674/8585/files/18th_dec_virgio-2234.jpg?v=1735557497&quality=60&width=512
15061,https://cdn.shopify.com/s/files/1/0785/1674/8585/files/18th_dec_virgio-2060_512x.jpg?v=1735546840
15061,https://cdn.shopify.com/s/files/1/0785/1674/8585/files/18th_dec_virgio-2060_1600x.jpg?v=1735546840
15061,https://cdn.shopify.com/s/files/1/0785/1674/8585/files/18th_dec_virgio-2080_1600x.jpg?v=1735546840
15061,https://cdn.shopify.com/s/files/1/0785/1674/8585/files/18th_dec_virgio-2063_1600x.jpg?v=1735546840
15061,https://cdn.shopify.com/s/files/1/0785/1674/8585/files/18th_dec_virgio-2049_1600x.jpg?v=1735546840
15061,https://cdn.shopify.com/s/files/1/0785/1674/8585/files/18th_dec_virgio-2105_1600x.jpg?v=1735546840
15061,https://cdn.shopify.com/s/files/1/0785/1674/8585/files/18th_dec_virgio-2051_1600x.jpg?v=1735546840
15061,https://cdn.shopify.com/s/files/1/0785/1674/8585/files/18th_dec_virgio-2060.jpg?v=1735546840&quality=60&width=512
15063,https://cdn.shopify.com/s/files/1/0785/1674/8585/files/18th_dec_virgio-3041_512x.jpg?v=1739444771
15063,https://cdn.shopify.com/s/files/1/0785/1674/8585/files/18th_dec_virgio-3054_1600x.jpg?v=1735209157
15063,https://cdn.shopify.com/s/files/1/0785/1674/8585/files/18th_dec_virgio-3041_1600x.jpg?v=1735209157
15063,https://cdn.shopify.com/s/files/1/0785/1674/8585/files/18th_dec_virgio-3058_1600x.jpg?v=1735209157
15063,https://cdn.shopify.com/s/files/1/0785/1674/8585/files/18th_dec_virgio-3067_1600x.jpg?v=1735209157
15063,https://cdn.shopify.com/s/files/1/0785/1674/8585/files/18th_dec_virgio-3075_1600x.jpg?v=1735209157
15063,https://cdn.shopify.com/s/files/1/0785/1674/8585/files/18th_dec_virgio-3063_1600x.jpg?v=1735209157
15063,https://cdn.shopify.com/s/files/1/0785/1674/8585/files/18th_dec_virgio-3054_1600x.jpg?v=1735209157
15063,https://cdn.shopify.com/s/files/1/0785/1674/8585/files/18th_dec_virgio-3054_1600x.jpg?v=1739444771
15063,https://cdn.shopify.com/s/files/1/0785/1674/8585/files/18th_dec_virgio-3041_1600x.jpg?v=1739444771
15064,https://cdn.shopify.com/s/files/1/0785/1674/8585/files/18th_dec_virgio-2384_1_512x.jpg?v=1738667778
15064,https://cdn.shopify.com/s/files/1/0785/1674/8585/files/18th_dec_virgio-2384_1_1600x.jpg?v=1738667778
15064,https://cdn.shopify.com/s/files/1/0785/1674/8585/files/18th_dec_virgio-2349_1600x.jpg?v=1738667778
15064,https://cdn.shopify.com/s/files/1/0785/1674/8585/files/18th_dec_virgio-2394_1600x.jpg?v=1738667776
15064,https://cdn.shopify.com/s/files/1/0785/1674/8585/files/18th_dec_virgio-2390_1600x.jpg?v=1738667776
15064,https://cdn.shopify.com/s/files/1/0785/1674/8585/files/18th_dec_virgio-2356_1600x.jpg?v=1738667776
15064,https://cdn.shopify.com/s/files/1/0785/1674/8585/files/18th_dec_virgio-2347_1600x.jpg?v=1738667776
15064,https://cdn.shopify.com/s/files/1/0785/1674/8585/files/18th_dec_virgio-2362_1600x.jpg?v=1738667776
15064,https://cdn.shopify.com/s/files/1/0785/1674/8585/files/18th_dec_virgio-2365_1600x.jpg?v=1738667776
15064,https://cdn.shopify.com/s/files/1/0785/1674/8585/files/18th_dec_virgio-2349.jpg?v=1738667778&quality=60&width=512
15066,https://cdn.shopify.com/s/files/1/0785/1674/8585/files/18th_dec_virgio-2662_512x.jpg?v=1735208939
15066,https://cdn.shopify.com/s/files/1/0785/1674/8585/files/18th_dec_virgio-2662_1600x.jpg?v=1735208939
15066,https://cdn.shopify.com/s/files/1/0785/1674/8585/files/18th_dec_virgio-2678_1600x.jpg?v=1735208939
15066,https://cdn.shopify.com/s/files/1/0785/1674/8585/files/18th_dec_virgio-2676_1600x.jpg?v=1735208939
15066,https://cdn.shopify.com/s/files/1/0785/1674/8585/files/18th_dec_virgio-2666_1600x.jpg?v=1735208939
15066,https://cdn.shopify.com/s/files/1/0785/1674/8585/files/18th_dec_virgio-2654_1600x.jpg?v=1735208939
15066,https://cdn.shopify.com/s/files/1/0785/1674/8585/files/18th_dec_virgio-2675_1600x.jpg?v=1735208939
15066,https://cdn.shopify.com/s/files/1/0785/1674/8585/files/18th_dec_virgio-2670_1600x.jpg?v=1735208710
15066,https://cdn.shopify.com/s/files/1/0785/1674/8585/files/18th_dec_virgio-2662.jpg?v=1735208939&quality=60&width=512
15067,https://cdn.shopify.com/s/files/1/0785/1674/8585/files/18th_dec_virgio-2576_1600x.jpg?v=1735208201
15067,https://cdn.shopify.com/s/files/1/0785/1674/8585/files/18th_dec_virgio-2576_1600x.jpg?v=1735208201
15067,https://cdn.shopify.com/s/files/1/0785/1674/8585/files/18th_dec_virgio-2590_1600x.jpg?v=1735208201
15067,https://cdn.shopify.com/s/files/1/0785/1674/8585/files/18th_dec_virgio-2575_1600x.jpg?v=1735208201
15067,https://cdn.shopify.com/s/files/1/0785/1674/8585/files/18th_dec_virgio-2574_1600x.jpg?v=1735208201
15067,https://cdn.shopify.com/s/files/1/0785/1674/8585/files/18th_dec_virgio-2554_1600x.jpg?v=1735208201
15067,https://cdn.shopify.com/s/files/1/0785/1674/8585/files/18th_dec_virgio-2570_1600x.jpg?v=1735208201
15067,https://cdn.shopify.com/s/files/1/0785/1674/8585/files/18th_dec_virgio-2560_1600x.jpg?v=1735208201
15067,https://cdn.shopify.com/s/files/1/0785/1674/8585/files/18th_dec_virgio-2576.jpg?v=1735208201&quality=60&width=512
15069,https://cdn.shopify.com/s/files/1/0785/1674/8585/files/18th_dec_virgio-3579_512x.jpg?v=1735557003
15069,https://cdn.shopify.com/s/files/1/0785/1674/8585/files/18th_dec_virgio-3579_1600x.jpg?v=1735557003
15069,https://cdn.shopify.com/s/files/1/0785/1674/8585/files/18th_dec_virgio-3567_1600x.jpg?v=1735557003
15069,https://cdn.shopify.com/s/files/1/0785/1674/8585/files/18th_dec_virgio-3573_1600x.jpg?v=1735557003
15069,https://cdn.shopify.com/s/files/1/0785/1674/8585/files/18th_dec_virgio-3559_1600x.jpg?v=1735557003
15069,https://cdn.shopify.com/s/files/1/0785/1674/8585/files/18th_dec_virgio-3562_1600x.jpg?v=1735557003
15069,https://cdn.shopify.com/s/files/1/0785/1674/8585/files/18th_dec_virgio-3574_1600x.jpg?v=1735556995
15069,https://cdn.shopify.com/s/files/1/0785/1674/8585/files/18th_dec_virgio-3579.jpg?v=1735557003&quality=60&width=512
15070,https://cdn.shopify.com/s/files/1/0785/1674/8585/files/23rdAugVirgio2084_512x.jpg?v=1734000683
15070,https://cdn.shopify.com/s/files/1/0785/1674/8585/files/23rdAugVirgio2084_1600x.jpg?v=1734000683
15070,https://cdn.shopify.com/s/files/1/0785/1674/8585/files/23rdAugVirgio2079_1600x.jpg?v=1734000683
15070,https://cdn.shopify.com/s/files/1/0785/1674/8585/files/23rdAugVirgio2087_1600x.jpg?v=1734000648
15070,https://cdn.shopify.com/s/files/1/0785/1674/8585/files/23rdAugVirgio2100_1600x.jpg?v=1734000648
15070,https://cdn.shopify.com/s/files/1/0785/1674/8585/files/23rdAugVirgio2103_1600x.jpg?v=1734000648
15070,https://cdn.shopify.com/s/files/1/0785/1674/8585/files/23rdAugVirgio2106_1600x.jpg?v=1734000648
15070,https://cdn.shopify.com/s/files/1/0785/1674/8585/files/23rdAugVirgio2084.jpg?v=1734000683&quality=60&width=512
15071,https://cdn.shopify.com/s/files/1/0785/1674/8585/files/23rdAugVirgio1627_1600x.jpg?v=1734000212
15071,https://cdn.shopify.com/s/files/1/0785/1674/8585/files/23rdAugVirgio1627_1600x.jpg?v=1734000212
15071,https://cdn.shopify.com/s/files/1/0785/1674/8585/files/23rdAugVirgio1609_1600x.jpg?v=1734000212
15071,https://cdn.shopify.com/s/files/1/0785/1674/8585/files/23rdAugVirgio1611_1600x.jpg?v=1734000212
15071,https://cdn.shopify.com/s/files/1/0785/1674/8585/files/23rdAugVirgio1618_1600x.jpg?v=1734000212
15071,https://cdn.shopify.com/s/files/1/0785/1674/8585/files/23rdAugVirgio1620_1600x.jpg?v=1734000212
15071,https://cdn.shopify.com/s/files/1/0785/1674/8585/files/23rdAugVirgio1627.jpg?v=1734000212&quality=60&width=512
15073,https://cdn.shopify.com/s/files/1/0785/1674/8585/files/23rdAugVirgio1892_512x.jpg?v=1734000280
15073,https://cdn.shopify.com/s/files/1/0785/1674/8585/files/23rdAugVirgio1892_1600x.jpg?v=1734000280
15073,https://cdn.shopify.com/s/files/1/0785/1674/8585/files/23rdAugVirgio1912_1600x.jpg?v=1734000291
15073,https://cdn.shopify.com/s/files/1/0785/1674/8585/files/23rdAugVirgio1898_1600x.jpg?v=1734000291
15073,https://cdn.shopify.com/s/files/1/0785/1674/8585/files/23rdAugVirgio1903_1600x.jpg?v=1734000291
15073,https://cdn.shopify.com/s/files/1/0785/1674/8585/files/23rdAugVirgio1904_1600x.jpg?v=1734000291
15073,https://cdn.shopify.com/s/files/1/0785/1674/8585/files/23rdAugVirgio1892.jpg?v=1734000280&quality=60&width=512
15074,https://cdn.shopify.com/s/files/1/0785/1674/8585/files/23rdAugVirgio1663_512x.jpg?v=1734000474
15074,https://cdn.shopify.com/s/files/1/0785/1674/8585/files/23rdAugVirgio1663_1600x.jpg?v=1734000474
15074,https://cdn.shopify.com/s/files/1/0785/1674/8585/files/23rdAugVirgio1631_1600x.jpg?v=1734000474
15074,https://cdn.shopify.com/s/files/1/0785/1674/8585/files/23rdAugVirgio1638_1600x.jpg?v=1734000474
15074,https://cdn.shopify.com/s/files/1/0785/1674/8585/files/23rdAugVirgio1669_1600x.jpg?v=1734000463
15074,https://cdn.shopify.com/s/files/1/0785/1674/8585/files/23rdAugVirgio1678_1600x.jpg?v=1734000463
15074,https://cdn.shopify.com/s/files/1/0785/1674/8585/files/23rdAugVirgio1680_1600x.jpg?v=1734000463
15074,https://cdn.shopify.com/s/files/1/0785/1674/8585/files/23rdAugVirgio1682_1600x.jpg?v=1734000463
15074,https://cdn.shopify.com/s/files/1/0785/1674/8585/files/23rdAugVirgio1663.jpg?v=1734000474&quality=60&width=512
15076,https://cdn.shopify.com/s/files/1/0785/1674/8585/files/23rdAugVirgio1074_512x.jpg?v=1733999058
15076,https://cdn.shopify.com/s/files/1/0785/1674/8585/files/23rdAugVirgio1074_1600x.jpg?v=1733999058
15076,https://cdn.shopify.com/s/files/1/0785/1674/8585/files/23rdAugVirgio1061_1600x.jpg?v=1733999058
15076,https://cdn.shopify.com/s/files/1/0785/1674/8585/files/23rdAugVirgio1064_1600x.jpg?v=1733999058
15076,https://cdn.shopify.com/s/files/1/0785/1674/8585/files/23rdAugVirgio1068_1600x.jpg?v=1733999058
15076,https://cdn.shopify.com/s/files/1/0785/1674/8585/files/23rdAugVirgio1071_1600x.jpg?v=1733999058
15076,https://cdn.shopify.com/s/files/1/0785/1674/8585/files/23rdAugVirgio1058_1600x.jpg?v=1733999058
15076,https://cdn.shopify.com/s/files/1/0785/1674/8585/files/23rdAugVirgio1074.jpg?v=1733999058&quality=60&width=512
15077,https://cdn.shopify.com/s/files/1/0785/1674/8585/files/23rdAugVirgio1953_512x.jpg?v=1733999623
15077,https://cdn.shopify.com/s/files/1/0785/1674/8585/files/23rdAugVirgio1953_1600x.jpg?v=1733999623
15077,https://cdn.shopify.com/s/files/1/0785/1674/8585/files/23rdAugVirgio1958_1600x.jpg?v=1733999623
15077,https://cdn.shopify.com/s/files/1/0785/1674/8585/files/23rdAugVirgio1965_1600x.jpg?v=1733999623
15077,https://cdn.shopify.com/s/files/1/0785/1674/8585/files/23rdAugVirgio1968_1600x.jpg?v=1733999623
15077,https://cdn.shopify.com/s/files/1/0785/1674/8585/files/23rdAugVirgio1970_1600x.jpg?v=1733999624
15077,https://cdn.shopify.com/s/files/1/0785/1674/8585/files/23rdAugVirgio1953.jpg?v=1733999623&quality=60&width=512
15079,https://cdn.shopify.com/s/files/1/0785/1674/8585/files/Copyof23rdAugVirgio1374_1_512x.jpg?v=1733999512
15079,https://cdn.shopify.com/s/files/1/0785/1674/8585/files/Copyof23rdAugVirgio1374_1_1600x.jpg?v=1733999512
15079,https://cdn.shopify.com/s/files/1/0785/1674/8585/files/Copyof23rdAugVirgio1355_1_1600x.jpg?v=1733999512
15079,https://cdn.shopify.com/s/files/1/0785/1674/8585/files/Copyof23rdAugVirgio1364_1_1600x.jpg?v=1733999512
15079,https://cdn.shopify.com/s/files/1/0785/1674/8585/files/Copyof23rdAugVirgio1362_1600x.jpg?v=1733999512
15079,https://cdn.shopify.com/s/files/1/0785/1674/8585/files/Copyof23rdAugVirgio1371_1_1600x.jpg?v=1733999512
15079,https://cdn.shopify.com/s/files/1/0785/1674/8585/files/Copyof23rdAugVirgio1372_1_1600x.jpg?v=1733999512
15079,https://cdn.shopify.com/s/files/1/0785/1674/8585/files/Copyof23rdAugVirgio1332_1_1600x.jpg?v=1733999512
15079,https://cdn.shopify.com/s/files/1/0785/1674/8585/files/Copyof23rdAugVirgio1374_1.jpg?v=1733999512&quality=60&width=512
15080,https://cdn.shopify.com/s/files/1/0785/1674/8585/files/23rdAugVirgio1996_512x.jpg?v=1734000923
15080,https://cdn.shopify.com/s/files/1/0785/1674/8585/files/23rdAugVirgio1996_1600x.jpg?v=1734000923
15080,https://cdn.shopify.com/s/files/1/0785/1674/8585/files/23rdAugVirgio1990_1600x.jpg?v=1734000923
15080,https://cdn.shopify.com/s/files/1/0785/1674/8585/files/23rdAugVirgio2005_1600x.jpg?v=1734000794
15080,https://cdn.shopify.com/s/files/1/0785/1674/8585/files/23rdAugVirgio2009_1600x.jpg?v=1734000794
15080,https://cdn.shopify.com/s/files/1/0785/1674/8585/files/23rdAugVirgio2011_1600x.jpg?v=1734000794
15080,https://cdn.shopify.com/s/files/1/0785/1674/8585/files/23rdAugVirgio2012_1600x.jpg?v=1734000794
15080,https://cdn.shopify.com/s/files/1/0785/1674/8585/files/23rdAugVirgio1996.jpg?v=1734000923&quality=60&width=512
15081,https://cdn.shopify.com/s/files/1/0785/1674/8585/files/23rdAugVirgio1704_1600x.jpg?v=1734000599
15081,https://cdn.shopify.com/s/files/1/0785/1674/8585/files/23rdAugVirgio1704_1600x.jpg?v=1734000599
15081,https://cdn.shopify.com/s/files/1/0785/1674/8585/files/23rdAugVirgio1700_1600x.jpg?v=1734000599
15081,https://cdn.shopify.com/s/files/1/0785/1674/8585/files/23rdAugVirgio1713_1600x.jpg?v=1734000579
15081,https://cdn.shopify.com/s/files/1/0785/1674/8585/files/23rdAugVirgio1714_1600x.jpg?v=1734000579
15081,https://cdn.shopify.com/s/files/1/0785/1674/8585/files/23rdAugVirgio1717_1600x.jpg?v=1734000579
15081,https://cdn.shopify.com/s/files/1/0785/1674/8585/files/23rdAugVirgio1720_1600x.jpg?v=1734000579
15081,https://cdn.shopify.com/s/files/1/0785/1674/8585/files/23rdAugVirgio1704.jpg?v=1734000599&quality=60&width=512
15083,https://cdn.shopify.com/s/files/1/0785/1674/8585/files/23rdAugVirgio1759_1600x.jpg?v=1734000423
15083,https://cdn.shopify.com/s/files/1/0785/1674/8585/files/23rdAugVirgio1759_1600x.jpg?v=1734000423
15083,https://cdn.shopify.com/s/files/1/0785/1674/8585/files/23rdAugVirgio1752_1600x.jpg?v=1734000423
15083,https://cdn.shopify.com/s/files/1/0785/1674/8585/files/23rdAugVirgio1762_1600x.jpg?v=1734000403
15083,https://cdn.shopify.com/s/files/1/0785/1674/8585/files/23rdAugVirgio1767_1600x.jpg?v=1734000403
15083,https://cdn.shopify.com/s/files/1/0785/1674/8585/files/23rdAugVirgio1768_1600x.jpg?v=1734000403
15083,https://cdn.shopify.com/s/files/1/0785/1674/8585/files/23rdAugVirgio1771_1600x.jpg?v=1734000403
15083,https://cdn.shopify.com/s/files/1/0785/1674/8585/files/23rdAugVirgio1759.jpg?v=1734000423&quality=60&width=512
15084,https://cdn.shopify.com/s/files/1/0785/1674/8585/files/4thDEC2024Virgio-03521_512x.jpg?v=1734014208
15084,https://cdn.shopify.com/s/files/1/0785/1674/8585/files/4thDEC2024Virgio-03521_1600x.jpg?v=1734014208
15084,https://cdn.shopify.com/s/files/1/0785/1674/8585/files/4thDEC2024Virgio-03411_1600x.jpg?v=1734014208
15084,https://cdn.shopify.com/s/files/1/0785/1674/8585/files/4thDEC2024Virgio-03681_1600x.jpg?v=1734014208
15084,https://cdn.shopify.com/s/files/1/0785/1674/8585/files/4thDEC2024Virgio-03601_1600x.jpg?v=1734014208
15084,https://cdn.shopify.com/s/files/1/0785/1674/8585/files/4thDEC2024Virgio-03571_1600x.jpg?v=1734014208
15084,https://cdn.shopify.com/s/files/1/0785/1674/8585/files/4thDEC2024Virgio-03521.jpg?v=1734014208&quality=60&width=512
15086,https://cdn.shopify.com/s/files/1/0785/1674/8585/files/4thDEC2024Virgio-02971_512x.jpg?v=1734013987
15086,https://cdn.shopify.com/s/files/1/0785/1674/8585/files/4thDEC2024Virgio-02971_1600x.jpg?v=1734013987
15086,https://cdn.shopify.com/s/files/1/0785/1674/8585/files/4thDEC2024Virgio-02821_1600x.jpg?v=1734013987
15086,https://cdn.shopify.com/s/files/1/0785/1674/8585/files/4thDEC2024Virgio-02851_1600x.jpg?v=1734013987
15086,https://cdn.shopify.com/s/files/1/0785/1674/8585/files/4thDEC2024Virgio-02891_1600x.jpg?v=1734013987
15086,https://cdn.shopify.com/s/files/1/0785/1674/8585/files/4thDEC2024Virgio-02901_1600x.jpg?v=1734013987
15086,https://cdn.shopify.com/s/files/1/0785/1674/8585/files/4thDEC2024Virgio-02971.jpg?v=1734013987&quality=60&width=512
15087,https://cdn.shopify.com/s/files/1/0785/1674/8585/files/4thDEC2024Virgio-03281_512x.jpg?v=1734605809
15087,https://cdn.shopify.com/s/files/1/0785/1674/8585/files/4thDEC2024Virgio-03281_1600x.jpg?v=1734605809
15087,https://cdn.shopify.com/s/files/1/0785/1674/8585/files/4thDEC2024Virgio-03091_1600x.jpg?v=1734605809
15087,https://cdn.shopify.com/s/files/1/0785/1674/8585/files/4thDEC2024Virgio-03211_1600x.jpg?v=1734605809
15087,https://cdn.shopify.com/s/files/1/0785/1674/8585/files/4thDEC2024Virgio-03351_1600x.jpg?v=1734014096
15087,https://cdn.shopify.com/s/files/1/0785/1674/8585/files/4thDEC2024Virgio-03331_1600x.jpg?v=1734014096
15087,https://cdn.shopify.com/s/files/1/0785/1674/8585/files/4thDEC2024Virgio-03381_1600x.jpg?v=1734014067
15087,https://cdn.shopify.com/s/files/1/0785/1674/8585/files/4thDEC2024Virgio-03281.jpg?v=1734605809&quality=60&width=512
15088,https://cdn.shopify.com/s/files/1/0785/1674/8585/files/4thDEC2024Virgio-02661_512x.jpg?v=1734013946
15088,https://cdn.shopify.com/s/files/1/0785/1674/8585/files/4thDEC2024Virgio-02661_1600x.jpg?v=1734013946
15088,https://cdn.shopify.com/s/files/1/0785/1674/8585/files/4thDEC2024Virgio-02391_1600x.jpg?v=1734013946
15088,https://cdn.shopify.com/s/files/1/0785/1674/8585/files/4thDEC2024Virgio-02211_1600x.jpg?v=1734013946
15088,https://cdn.shopify.com/s/files/1/0785/1674/8585/files/4thDEC2024Virgio-02271_1600x.jpg?v=1734013946
15088,https://cdn.shopify.com/s/files/1/0785/1674/8585/files/4thDEC2024Virgio-02311_1600x.jpg?v=1734013946
15088,https://cdn.shopify.com/s/files/1/0785/1674/8585/files/4thDEC2024Virgio-02741_1600x.jpg?v=1734013934
15088,https://cdn.shopify.com/s/files/1/0785/1674/8585/files/4thDEC2024Virgio-02661.jpg?v=1734013946&quality=60&width=512
15090,https://cdn.shopify.com/s/files/1/0785/1674/8585/files/4thDEC2024Virgio-02171_512x.jpg?v=1734014158
15090,https://cdn.shopify.com/s/files/1/0785/1674/8585/files/4thDEC2024Virgio-02171_1600x.jpg?v=1734014158
15090,https://cdn.shopify.com/s/files/1/0785/1674/8585/files/4thDEC2024Virgio-01981_1600x.jpg?v=1734014158
15090,https://cdn.shopify.com/s/files/1/0785/1674/8585/files/4thDEC2024Virgio-0175_1600x.jpg?v=1734014158
15090,https://cdn.shopify.com/s/files/1/0785/1674/8585/files/4thDEC2024Virgio-0178_1600x.jpg?v=1734014158
15090,https://cdn.shopify.com/s/files/1/0785/1674/8585/files/4thDEC2024Virgio-01961_1600x.jpg?v=1734014158
15090,https://cdn.shopify.com/s/files/1/0785/1674/8585/files/4thDEC2024Virgio-01841_1600x.jpg?v=1734014158
15090,https://cdn.shopify.com/s/files/1/0785/1674/8585/files/4thDEC2024Virgio-01861_1600x.jpg?v=1734014158
15090,https://cdn.shopify.com/s/files/1/0785/1674/8585/files/4thDEC2024Virgio-01891_1600x.jpg?v=1734014158
15090,https://cdn.shopify.com/s/files/1/0785/1674/8585/files/4thDEC2024Virgio-02171.jpg?v=1734014158&quality=60&width=512
15091,https://cdn.shopify.com/s/files/1/0785/1674/8585/files/4thDEC2024Virgio-00672_512x.jpg?v=1734163167
15091,https://cdn.shopify.com/s/files/1/0785/1674/8585/files/4thDEC2024Virgio-00672_1600x.jpg?v=1734163167
15091,https://cdn.shopify.com/s/files/1/0785/1674/8585/files/4thDEC2024Virgio-00443_1600x.jpg?v=1734163167
15091,https://cdn.shopify.com/s/files/1/0785/1674/8585/files/4thDEC2024Virgio-00483_1600x.jpg?v=1734090586
15091,https://cdn.shopify.com/s/files/1/0785/1674/8585/files/4thDEC2024Virgio-00513_1600x.jpg?v=1734090586
15091,https://cdn.shopify.com/s/files/1/0785/1674/8585/files/4thDEC2024Virgio-00543_1600x.jpg?v=1734090586
15091,https://cdn.shopify.com/s/files/1/0785/1674/8585/files/4thDEC2024Virgio-00672.jpg?v=1734163167&quality=60&width=512
15092,https://cdn.shopify.com/s/files/1/0785/1674/8585/files/18th_dec_virgio-2744_512x.jpg?v=1735204698
15092,https://cdn.shopify.com/s/files/1/0785/1674/8585/files/18th_dec_virgio-2744_1600x.jpg?v=1735204698
15092,https://cdn.shopify.com/s/files/1/0785/1674/8585/files/18th_dec_virgio-2808_1600x.jpg?v=1735204698
15092,https://cdn.shopify.com/s/files/1/0785/1674/8585/files/18th_dec_virgio-2734_1600x.jpg?v=1735204750
15092,https://cdn.shopify.com/s/files/1/0785/1674/8585/files/18th_dec_virgio-2812_1600x.jpg?v=1735204750
15092,https://cdn.shopify.com/s/files/1/0785/1674/8585/files/18th_dec_virgio-2843_1600x.jpg?v=1735204750
15092,https://cdn.shopify.com/s/files/1/0785/1674/8585/files/18th_dec_virgio-2820_1600x.jpg?v=1735204750
15092,https://cdn.shopify.com/s/files/1/0785/1674/8585/files/18th_dec_virgio-2831_1600x.jpg?v=1735204746
15092,https://cdn.shopify.com/s/files/1/0785/1674/8585/files/18th_dec_virgio-2744.jpg?v=1735204698&quality=60&width=512
15094,https://cdn.shopify.com/s/files/1/0785/1674/8585/files/13thNOV2024Virgio-0785_512x.jpg?v=1734526489
15094,https://cdn.shopify.com/s/files/1/0785/1674/8585/files/13thNOV2024Virgio-0785_1600x.jpg?v=1734526489
15094,https://cdn.shopify.com/s/files/1/0785/1674/8585/files/13thNOV2024Virgio-0797_1600x.jpg?v=1734526489
15094,https://cdn.shopify.com/s/files/1/0785/1674/8585/files/13thNOV2024Virgio-0807_1600x.jpg?v=1734526489
15094,https://cdn.shopify.com/s/files/1/0785/1674/8585/files/13thNOV2024Virgio-0817_1600x.jpg?v=1734526502
15094,https://cdn.shopify.com/s/files/1/0785/1674/8585/files/13thNOV2024Virgio-0811_1600x.jpg?v=1734526502
15094,https://cdn.shopify.com/s/files/1/0785/1674/8585/files/13thNOV2024Virgio-0785.jpg?v=1734526489&quality=60&width=512
15095,https://cdn.shopify.com/s/files/1/0785/1674/8585/files/13thNOV2024Virgio-0024_512x.jpg?v=1734526383
15095,https://cdn.shopify.com/s/files/1/0785/1674/8585/files/13thNOV2024Virgio-0024_1600x.jpg?v=1734526383
15095,https://cdn.shopify.com/s/files/1/0785/1674/8585/files/13thNOV2024Virgio-0072_1600x.jpg?v=1734526439
15095,https://cdn.shopify.com/s/files/1/0785/1674/8585/files/13th-NOV-2024-Virgio-0062_1600x.jpg?v=1734526439
15095,https://cdn.shopify.com/s/files/1/0785/1674/8585/files/13thNOV2024Virgio-0033_1600x.jpg?v=1734526439
15095,https://cdn.shopify.com/s/files/1/0785/1674/8585/files/13thNOV2024Virgio-0043_1600x.jpg?v=1734526439
15095,https://cdn.shopify.com/s/files/1/0785/1674/8585/files/13thNOV2024Virgio-0039_1600x.jpg?v=1734526412
15095,https://cdn.shopify.com/s/files/1/0785/1674/8585/files/13thNOV2024Virgio-0067_1600x.jpg?v=1734526409
15095,https://cdn.shopify.com/s/files/1/0785/1674/8585/files/13thNOV2024Virgio-0024.jpg?v=1734526383&quality=60&width=512
15096,https://cdn.shopify.com/s/files/1/0785/1674/8585/files/13thNOV2024Virgio-0486_512x.jpg?v=1734526856
15096,https://cdn.shopify.com/s/files/1/0785/1674/8585/files/13thNOV2024Virgio-0486_1600x.jpg?v=1734526856
15096,https://cdn.shopify.com/s/files/1/0785/1674/8585/files/13thNOV2024Virgio-0446_1600x.jpg?v=1734526856
15096,https://cdn.shopify.com/s/files/1/0785/1674/8585/files/13thNOV2024Virgio-0438_1600x.jpg?v=1734526856
15096,https://cdn.shopify.com/s/files/1/0785/1674/8585/files/13thNOV2024Virgio-0450_1600x.jpg?v=1734526851
15096,https://cdn.shopify.com/s/files/1/0785/1674/8585/files/13thNOV2024Virgio-0454_1600x.jpg?v=1734526851
15096,https://cdn.shopify.com/s/files/1/0785/1674/8585/files/13thNOV2024Virgio-0463_1600x.jpg?v=1734526851
15096,https://cdn.shopify.com/s/files/1/0785/1674/8585/files/13thNOV2024Virgio-0475_1600x.jpg?v=1734526851
15096,https://cdn.shopify.com/s/files/1/0785/1674/8585/files/13thNOV2024Virgio-0486.jpg?v=1734526856&quality=60&width=512
15098,https://cdn.shopify.com/s/files/1/0785/1674/8585/files/13thNOV2024Virgio-0782_512x.jpg?v=1734526241
15098,https://cdn.shopify.com/s/files/1/0785/1674/8585/files/13thNOV2024Virgio-0782_1600x.jpg?v=1734526241
15098,https://cdn.shopify.com/s/files/1/0785/1674/8585/files/13thNOV2024Virgio-0757_1600x.jpg?v=1735817478
15098,https://cdn.shopify.com/s/files/1/0785/1674/8585/files/13thNOV2024Virgio-0768_1600x.jpg?v=1735817478
15098,https://cdn.shopify.com/s/files/1/0785/1674/8585/files/13thNOV2024Virgio-0777_1600x.jpg?v=1735817478
15098,https://cdn.shopify.com/s/files/1/0785/1674/8585/files/13thNOV2024Virgio-0771_1600x.jpg?v=1735817478
15098,https://cdn.shopify.com/s/files/1/0785/1674/8585/files/13thNOV2024Virgio-0782.jpg?v=1734526241&quality=60&width=512
15099,https://cdn.shopify.com/s/files/1/0785/1674/8585/files/13thNOV2024Virgio-0992_512x.jpg?v=1734525275
15099,https://cdn.shopify.com/s/files/1/0785/1674/8585/files/13thNOV2024Virgio-0992_1600x.jpg?v=1734525275
15099,https://cdn.shopify.com/s/files/1/0785/1674/8585/files/13thNOV2024Virgio-0973_1600x.jpg?v=1734525275
15099,https://cdn.shopify.com/s/files/1/0785/1674/8585/files/13thNOV2024Virgio-0978_1600x.jpg?v=1734525275
15099,https://cdn.shopify.com/s/files/1/0785/1674/8585/files/13thNOV2024Virgio-0987_1600x.jpg?v=1734525275
15099,https://cdn.shopify.com/s/files/1/0785/1674/8585/files/13thNOV2024Virgio-0982_1600x.jpg?v=1734525275
15099,https://cdn.shopify.com/s/files/1/0785/1674/8585/files/13thNOV2024Virgio-0992.jpg?v=1734525275&quality=60&width=512
